params,values,,,,,,,,,,,,,,,,,,,,,
field,KW_Merged,,,,,,,,,,,,,,,,,,,,,
n,250,,,,,,,,,,,,,,,,,,,,,
minfreq,2,,,,,,,,,,,,,,,,,,,,,
ngrams,1,,,,,,,,,,,,,,,,,,,,,
stemming,FALSE,,,,,,,,,,,,,,,,,,,,,
size,0.3,,,,,,,,,,,,,,,,,,,,,
n.labels,3,,,,,,,,,,,,,,,,,,,,,
community.repulsion,0,,,,,,,,,,,,,,,,,,,,,
repel,FALSE,,,,,,,,,,,,,,,,,,,,,
cluster,walktrap,,,,,,,,,,,,,,,,,,,,,
,,,,,,,,,,,,,,,,,,,,,,
,,,,,,,,,,,,,,,,,,,,,,
Occurrences,Words,Cluster,Cluster_Label,btw_centrality,clos_centrality,pagerank_centrality,,,,,,,,,,,,,,,,
2,mathematical economics,1,mathematical economics,35.57590856,0.001795332,0.001502794,,,,,,,,,,,,,,,,
4,business,2,business,59.38658429,0.001785714,0.002780386,,,,,,,,,,,,,,,,
3,advertising,2,business,64.20929487,0.002004008,0.00206784,,,,,,,,,,,,,,,,
2,anatomy,2,business,0,0.001212121,0.001478274,,,,,,,,,,,,,,,,
2,club,2,business,0,0.001212121,0.001478274,,,,,,,,,,,,,,,,
2,line (geometry),2,business,0,0.001212121,0.001478274,,,,,,,,,,,,,,,,
6,history,3,history,96.37641956,0.001972387,0.003215737,,,,,,,,,,,,,,,,
5,engineering,3,history,283.3572144,0.002079002,0.003353331,,,,,,,,,,,,,,,,
2,aesthetics,3,history,21.40216649,0.001869159,0.001334353,,,,,,,,,,,,,,,,
2,art history,3,history,61.54504751,0.001992032,0.001713274,,,,,,,,,,,,,,,,
2,computer security,3,history,65.56812035,0.001904762,0.001783116,,,,,,,,,,,,,,,,
2,medical education,3,history,13.26022523,0.001904762,0.001581038,,,,,,,,,,,,,,,,
81,computer science,4,computer science,2179.68879,0.002314815,0.037756165,,,,,,,,,,,,,,,,
41,philosophy,4,computer science,1394.991148,0.002247191,0.020569882,,,,,,,,,,,,,,,,
40,social psychology,4,computer science,612.8444857,0.00204918,0.01645759,,,,,,,,,,,,,,,,
32,artificial intelligence,4,computer science,587.3597475,0.002061856,0.016181284,,,,,,,,,,,,,,,,
25,cognitive science,4,computer science,503.6504953,0.002105263,0.009578687,,,,,,,,,,,,,,,,
20,developmental psychology,4,computer science,573.1712652,0.002105263,0.009989378,,,,,,,,,,,,,,,,
18,epistemology,4,computer science,451.2143469,0.002087683,0.008239542,,,,,,,,,,,,,,,,
18,metacognition,4,computer science,228.0823773,0.00203666,0.010311887,,,,,,,,,,,,,,,,
16,law,4,computer science,605.5339192,0.002141328,0.009600874,,,,,,,,,,,,,,,,
16,mathematics education,4,computer science,408.2445119,0.002070393,0.00746926,,,,,,,,,,,,,,,,
16,operating system,4,computer science,769.964709,0.002155172,0.009857871,,,,,,,,,,,,,,,,
16,political science,4,computer science,605.5339192,0.002141328,0.009600874,,,,,,,,,,,,,,,,
12,statistics,4,computer science,351.2984795,0.00204918,0.007560252,,,,,,,,,,,,,,,,
11,programming language,4,computer science,699.9699253,0.002237136,0.006118927,,,,,,,,,,,,,,,,
10,metamemory,4,computer science,168.4960747,0.00204918,0.005597473,,,,,,,,,,,,,,,,
8,information retrieval,4,computer science,758.7842501,0.00210084,0.004850824,,,,,,,,,,,,,,,,
7,art,4,computer science,268.379928,0.002016129,0.004302158,,,,,,,,,,,,,,,,
6,interleaving,4,computer science,129.7060994,0.001949318,0.004106039,,,,,,,,,,,,,,,,
6,sociology,4,computer science,54.61378926,0.001831502,0.003917278,,,,,,,,,,,,,,,,
5,debiasing,4,computer science,92.29818947,0.002028398,0.00334618,,,,,,,,,,,,,,,,
5,illusion,4,computer science,33.18666325,0.001893939,0.003384994,,,,,,,,,,,,,,,,
5,medline,4,computer science,193.1225452,0.002057613,0.004120117,,,,,,,,,,,,,,,,
5,multimedia,4,computer science,159.8269726,0.001984127,0.002820595,,,,,,,,,,,,,,,,
5,natural language processing,4,computer science,69.09484146,0.001964637,0.002571373,,,,,,,,,,,,,,,,
5,psychotherapist,4,computer science,390.7122422,0.00210084,0.003512501,,,,,,,,,,,,,,,,
5,world wide web,4,computer science,241.0106405,0.002004008,0.003256186,,,,,,,,,,,,,,,,
4,competence (human resources),4,computer science,7.288465005,0.00177305,0.002504259,,,,,,,,,,,,,,,,
4,fluency,4,computer science,39.96825358,0.001941748,0.002584622,,,,,,,,,,,,,,,,
4,machine learning,4,computer science,124.9409939,0.001992032,0.003116389,,,,,,,,,,,,,,,,
4,mnemonic,4,computer science,43.69518119,0.001941748,0.002223136,,,,,,,,,,,,,,,,
4,psycinfo,4,computer science,64.59604365,0.001930502,0.00338284,,,,,,,,,,,,,,,,
3,applied psychology,4,computer science,36.95049295,0.001976285,0.001378517,,,,,,,,,,,,,,,,
3,archaeology,4,computer science,32.16089278,0.001996008,0.002161986,,,,,,,,,,,,,,,,
3,association (psychology),4,computer science,197.7943714,0.00203666,0.002646669,,,,,,,,,,,,,,,,
3,concept learning,4,computer science,45.95288955,0.001949318,0.002015308,,,,,,,,,,,,,,,,
3,generalization,4,computer science,40.19530727,0.001930502,0.002256217,,,,,,,,,,,,,,,,
3,psychological science,4,computer science,78.2588228,0.001988072,0.001801039,,,,,,,,,,,,,,,,
3,schedule,4,computer science,113.1986061,0.002024291,0.002652916,,,,,,,,,,,,,,,,
3,teaching method,4,computer science,33.49034784,0.001893939,0.0016526,,,,,,,,,,,,,,,,
3,visual arts,4,computer science,39.95374792,0.001956947,0.001785247,,,,,,,,,,,,,,,,
2,computer network,4,computer science,37.13772143,0.001945525,0.001706204,,,,,,,,,,,,,,,,
2,cooperative learning,4,computer science,3.734338771,0.001694915,0.001330064,,,,,,,,,,,,,,,,
2,factor (programming language),4,computer science,0.215163438,0.001569859,0.000912598,,,,,,,,,,,,,,,,
2,futures studies,4,computer science,2.928467069,0.00172117,0.00173018,,,,,,,,,,,,,,,,
2,image (mathematics),4,computer science,22.69425341,0.001984127,0.001777542,,,,,,,,,,,,,,,,
2,mindset,4,computer science,15.82793584,0.001923077,0.001371529,,,,,,,,,,,,,,,,
2,painting,4,computer science,3.228565628,0.001831502,0.00138616,,,,,,,,,,,,,,,,
2,perspective (graphical),4,computer science,13.5116632,0.001785714,0.001691866,,,,,,,,,,,,,,,,
2,process (computing),4,computer science,24.22894312,0.001890359,0.001890644,,,,,,,,,,,,,,,,
2,redundancy (engineering),4,computer science,18.9180331,0.001876173,0.001653579,,,,,,,,,,,,,,,,
2,rote learning,4,computer science,3.734338771,0.001694915,0.001330064,,,,,,,,,,,,,,,,
2,similarity (geometry),4,computer science,22.69425341,0.001984127,0.001777542,,,,,,,,,,,,,,,,
2,social science,4,computer science,16.68313311,0.001886792,0.001932233,,,,,,,,,,,,,,,,
2,sophistication,4,computer science,16.68313311,0.001886792,0.001932233,,,,,,,,,,,,,,,,
2,stability (learning theory),4,computer science,20.79221619,0.001904762,0.001897432,,,,,,,,,,,,,,,,
2,vocabulary,4,computer science,38.25538786,0.001930502,0.0015748,,,,,,,,,,,,,,,,
157,psychology,5,psychology,1496.165538,0.002237136,0.064824678,,,,,,,,,,,,,,,,
134,cognitive psychology,5,psychology,1326.366281,0.002237136,0.05748039,,,,,,,,,,,,,,,,
61,neuroscience,5,psychology,1172.378825,0.002173913,0.033037359,,,,,,,,,,,,,,,,
56,cognition,5,psychology,853.9827709,0.00210084,0.030845984,,,,,,,,,,,,,,,,
50,recall,5,psychology,1081.569549,0.002173913,0.027008049,,,,,,,,,,,,,,,,
33,biology,5,psychology,400.4339361,0.00210084,0.017244269,,,,,,,,,,,,,,,,
31,forgetting,5,psychology,460.4330043,0.002136752,0.014138798,,,,,,,,,,,,,,,,
28,paleontology,5,psychology,218.922315,0.002008032,0.014222544,,,,,,,,,,,,,,,,
28,test (biology),5,psychology,218.922315,0.002008032,0.014222544,,,,,,,,,,,,,,,,
26,mathematics,5,psychology,1303.845475,0.002247191,0.015746346,,,,,,,,,,,,,,,,
25,free recall,5,psychology,324.9577372,0.00204918,0.014752303,,,,,,,,,,,,,,,,
22,linguistics,5,psychology,526.5183284,0.002105263,0.012564696,,,,,,,,,,,,,,,,
19,retrieval-induced forgetting,5,psychology,232.3837698,0.00203252,0.010001625,,,,,,,,,,,,,,,,
18,economics,5,psychology,427.0007622,0.002016129,0.011218705,,,,,,,,,,,,,,,,
18,medicine,5,psychology,578.9317308,0.002020202,0.010412525,,,,,,,,,,,,,,,,
13,recall test,5,psychology,84.73011,0.001782531,0.00823227,,,,,,,,,,,,,,,,
12,cued recall,5,psychology,219.7227509,0.00209205,0.007536394,,,,,,,,,,,,,,,,
12,motivated forgetting,5,psychology,262.3652067,0.002083333,0.006213079,,,,,,,,,,,,,,,,
11,task (project management),5,psychology,324.1674609,0.002057613,0.007730824,,,,,,,,,,,,,,,,
10,management,5,psychology,174.8476095,0.002004008,0.007020788,,,,,,,,,,,,,,,,
9,geometry,5,psychology,252.6512792,0.002008032,0.006251861,,,,,,,,,,,,,,,,
9,word (group theory),5,psychology,125.5222179,0.001912046,0.00642188,,,,,,,,,,,,,,,,
7,encoding (memory),5,psychology,371.5566885,0.002141328,0.004625479,,,,,,,,,,,,,,,,
6,context (archaeology),5,psychology,113.8538809,0.001972387,0.004059093,,,,,,,,,,,,,,,,
6,cue-dependent forgetting,5,psychology,107.887711,0.001996008,0.003950235,,,,,,,,,,,,,,,,
6,human memory,5,psychology,79.9577109,0.001964637,0.002928801,,,,,,,,,,,,,,,,
6,presentation (obstetrics),5,psychology,14.93185156,0.001760563,0.004596739,,,,,,,,,,,,,,,,
6,radiology,5,psychology,14.93185156,0.001760563,0.004596739,,,,,,,,,,,,,,,,
5,cued speech,5,psychology,109.2309363,0.00203252,0.003742853,,,,,,,,,,,,,,,,
5,working memory,5,psychology,151.6013024,0.001851852,0.003484299,,,,,,,,,,,,,,,,
4,audiology,5,psychology,26.97328187,0.001841621,0.002587231,,,,,,,,,,,,,,,,
4,contrast (vision),5,psychology,8.874410485,0.001669449,0.002245946,,,,,,,,,,,,,,,,
4,false memory,5,psychology,56.35357292,0.001960784,0.003188662,,,,,,,,,,,,,,,,
4,point (geometry),5,psychology,117.6067476,0.002008032,0.003407087,,,,,,,,,,,,,,,,
4,psychiatry,5,psychology,270.7864713,0.002074689,0.002807548,,,,,,,,,,,,,,,,
4,repetition (rhetorical device),5,psychology,150.0229046,0.002016129,0.002895415,,,,,,,,,,,,,,,,
3,combinatorics,5,psychology,57.30774087,0.002028398,0.002274618,,,,,,,,,,,,,,,,
3,context-dependent memory,5,psychology,84.50474597,0.001923077,0.00281788,,,,,,,,,,,,,,,,
3,interpretation (philosophy),5,psychology,33.27587289,0.001851852,0.002381211,,,,,,,,,,,,,,,,
3,interval (graph theory),5,psychology,57.30774087,0.002028398,0.002274618,,,,,,,,,,,,,,,,
3,mechanism (biology),5,psychology,17.16140536,0.001821494,0.00205418,,,,,,,,,,,,,,,,
3,multiple choice,5,psychology,4.53100883,0.001788909,0.002210441,,,,,,,,,,,,,,,,
3,psychoanalysis,5,psychology,12.44242442,0.001821494,0.001573552,,,,,,,,,,,,,,,,
3,serial position effect,5,psychology,25.02402743,0.001883239,0.002599666,,,,,,,,,,,,,,,,
3,set (abstract data type),5,psychology,33.99984881,0.001945525,0.001894796,,,,,,,,,,,,,,,,
3,verbal learning,5,psychology,127.3939534,0.001996008,0.002170774,,,,,,,,,,,,,,,,
2,amnesia,5,psychology,16.11236142,0.001945525,0.001394009,,,,,,,,,,,,,,,,
2,anxiety,5,psychology,41.93053239,0.001972387,0.001823857,,,,,,,,,,,,,,,,
2,astrophysics,5,psychology,56.32033627,0.001937984,0.00196209,,,,,,,,,,,,,,,,
2,class (philosophy),5,psychology,44.08702598,0.001890359,0.002252366,,,,,,,,,,,,,,,,
2,confidence interval,5,psychology,84.43445464,0.002057613,0.001994959,,,,,,,,,,,,,,,,
2,context effect,5,psychology,12.21979462,0.001805054,0.002046796,,,,,,,,,,,,,,,,
2,ecology,5,psychology,70.08341849,0.00204918,0.001555,,,,,,,,,,,,,,,,
2,encoding specificity principle,5,psychology,45.65170725,0.001953125,0.001701347,,,,,,,,,,,,,,,,
2,interference theory,5,psychology,22.72069651,0.001736111,0.001616214,,,,,,,,,,,,,,,,
2,knowledge management,5,psychology,15.93179258,0.001886792,0.001267008,,,,,,,,,,,,,,,,
2,management science,5,psychology,7.300694214,0.001872659,0.001348323,,,,,,,,,,,,,,,,
2,memory errors,5,psychology,38.86202769,0.001972387,0.002260459,,,,,,,,,,,,,,,,
2,selection (genetic algorithm),5,psychology,24.01069385,0.001934236,0.001643867,,,,,,,,,,,,,,,,
2,short-term memory,5,psychology,10.29037835,0.001724138,0.002001095,,,,,,,,,,,,,,,,
2,significant difference,5,psychology,6.929667398,0.001897533,0.001747005,,,,,,,,,,,,,,,,
2,variation (astronomy),5,psychology,56.32033627,0.001937984,0.00196209,,,,,,,,,,,,,,,,
2,word list,5,psychology,44.08702598,0.001890359,0.002252366,,,,,,,,,,,,,,,,
4,publishing,6,publishing,70.59018381,0.001818182,0.003101315,,,,,,,,,,,,,,,,
2,independence,6,publishing,0.106666667,0.001501502,0.001907665,,,,,,,,,,,,,,,,
2,independence (probability theory),6,publishing,0.106666667,0.001501502,0.001907665,,,,,,,,,,,,,,,,
2,scientific communication,6,publishing,0.106666667,0.001501502,0.001907665,,,,,,,,,,,,,,,,
7,perception,7,perception,146.6395727,0.001988072,0.004189024,,,,,,,,,,,,,,,,
5,episodic memory,7,perception,173.3221073,0.00203252,0.003490506,,,,,,,,,,,,,,,,
3,botany,7,perception,49.17226202,0.001984127,0.002847217,,,,,,,,,,,,,,,,
3,chemistry,7,perception,68.15065411,0.002004008,0.002309826,,,,,,,,,,,,,,,,
3,germination,7,perception,49.17226202,0.001984127,0.002847217,,,,,,,,,,,,,,,,
3,implicit memory,7,perception,129.2168615,0.002016129,0.002721479,,,,,,,,,,,,,,,,
3,memoria,7,perception,89.28645635,0.002,0.00272999,,,,,,,,,,,,,,,,
3,priming (agriculture),7,perception,49.17226202,0.001984127,0.002847217,,,,,,,,,,,,,,,,
3,recognition memory,7,perception,61.65351619,0.001879699,0.002476275,,,,,,,,,,,,,,,,
2,lexical decision task,7,perception,7.515932059,0.001776199,0.002027607,,,,,,,,,,,,,,,,
2,physical chemistry,7,perception,24.40488131,0.001923077,0.001648769,,,,,,,,,,,,,,,,
2,repetition priming,7,perception,7.515932059,0.001776199,0.002027607,,,,,,,,,,,,,,,,
2,speech recognition,7,perception,10.40209322,0.001760563,0.001570065,,,,,,,,,,,,,,,,
10,communication,8,communication,326.0269542,0.002012072,0.005351911,,,,,,,,,,,,,,,,
3,affect,8,communication,54.78516679,0.001923077,0.002232741,,,,,,,,,,,,,,,,
3,affect (linguistics),8,communication,54.78516679,0.001923077,0.002232741,,,,,,,,,,,,,,,,
2,internet privacy,8,communication,0.573393384,0.001494768,0.00116221,,,,,,,,,,,,,,,,
2,the internet,8,communication,81.83897285,0.001893939,0.001707555,,,,,,,,,,,,,,,,
14,physics,9,physics,872.3836091,0.00212766,0.009336907,,,,,,,,,,,,,,,,
8,quantum mechanics,9,physics,173.3595841,0.002016129,0.005751063,,,,,,,,,,,,,,,,
7,term (time),9,physics,86.66243321,0.001988072,0.005092907,,,,,,,,,,,,,,,,
5,motor learning,9,physics,49.12339676,0.001937984,0.002944434,,,,,,,,,,,,,,,,
4,pedagogy,9,physics,1.559922778,0.001572327,0.002200683,,,,,,,,,,,,,,,,
3,motor skill,9,physics,46.72867066,0.001941748,0.002489002,,,,,,,,,,,,,,,,
2,dreyfus model of skill acquisition,9,physics,8.9446865,0.001754386,0.002014848,,,,,,,,,,,,,,,,
2,dynamics,9,physics,0,0.001424501,0.001799505,,,,,,,,,,,,,,,,
2,dynamics (music),9,physics,0,0.001424501,0.001799505,,,,,,,,,,,,,,,,
2,economic growth,9,physics,8.9446865,0.001754386,0.002014848,,,,,,,,,,,,,,,,
2,long-term memory,9,physics,0,0.001424501,0.001799505,,,,,,,,,,,,,,,,
2,meteorology,9,physics,18.9406217,0.001930502,0.001545971,,,,,,,,,,,,,,,,
2,sequence learning,9,physics,49.54369679,0.001941748,0.001704003,,,,,,,,,,,,,,,,
2,training (meteorology),9,physics,18.9406217,0.001930502,0.001545971,,,,,,,,,,,,,,,,
2,china,10,china,6.411237483,0.001845018,0.001495503,,,,,,,,,,,,,,,,
2,literature,10,china,100.2656861,0.001988072,0.001923708,,,,,,,,,,,,,,,,
2,zhàng,10,china,6.411237483,0.001845018,0.001495503,,,,,,,,,,,,,,,,
2,inflatable,11,inflatable,8.143320361,0.001757469,0.001555304,,,,,,,,,,,,,,,,
2,mechanical engineering,11,inflatable,8.143320361,0.001757469,0.001555304,,,,,,,,,,,,,,,,
2,control (management),12,control (management),8.647410825,0.001692047,0.001463788,,,,,,,,,,,,,,,,
,,,,,,,,,,,,,,,,,,,,,,
,,,,,,,,,,,,,,,,,,,,,,
Cluster,CallonCentrality,CallonDensity,RankCentrality,RankDensity,ClusterFrequency,,,,,,,,,,,,,,,,,
mathematical economics,0,50,1.521984434,1.353367404,2,,,,,,,,,,,,,,,,,
business,0.583333333,111.6666667,6,11,13,,,,,,,,,,,,,,,,,
history,3.216666667,58.05555556,9,3,19,,,,,,,,,,,,,,,,,
computer science,17.05367077,63.44747779,12,4,513,,,,,,,,,,,,,,,,,
psychology,16.3230501,74.55111861,11,6,917,,,,,,,,,,,,,,,,,
publishing,0.541666667,100,5,9,10,,,,,,,,,,,,,,,,,
perception,2.248730159,118.2417582,8,12,41,,,,,,,,,,,,,,,,,
communication,0.808412698,66.33333333,7,5,20,,,,,,,,,,,,,,,,,
physics,3.275668201,102.3256803,10,10,57,,,,,,,,,,,,,,,,,
china,0.25,83.33333333,4,8,6,,,,,,,,,,,,,,,,,
inflatable,0,75,2,7,4,,,,,,,,,,,,,,,,,
control (management),0,50,2.478015566,1.646632596,2,,,,,,,,,,,,,,,,,
,,,,,,,,,,,,,,,,,,,,,,
,,,,,,,,,,,,,,,,,,,,,,
DOI,Authors,Title,Source,Year,TotalCitation,TCperYear,NTC,SR,computer science,psychology,perception,communication,mathematical economics,physics,history,china,publishing,control (management),business,inflatable,Assigned_cluster,pagerank
<a href="https://doi.org/10.53776/change-is-good" target="_blank">10.53776/change-is-good</a>,ROBERT A. BJORK,CHANGE IS GOOD: VARY WHAT AND WHERE YOU PRACTICE,CHARACTER LAB TIPS,2022,0,0,0,"ROBERT A. BJORK, 2022, S4210190338-a",0,0.092162619,0,0,0,0,0,0,0,0,0.907837381,0,business,0.10651846
<a href="https://doi.org/10.53776/tips-change-is-good" target="_blank">10.53776/tips-change-is-good</a>,ROBERT A. BJORK,CHANGE IS GOOD: VARY WHAT AND WHERE YOU PRACTICE,CHARACTER LAB TIPS,2022,0,0,0,"ROBERT A. BJORK, 2022, S4210190338-a-b-c",0,0.092162619,0,0,0,0,0,0,0,0,0.907837381,0,business,0.10651846
<a href="https://doi.org/10.5406/amerjpsyc.128.1.0122" target="_blank">10.5406/amerjpsyc.128.1.0122</a>,HAROLD PASHLER;ROBERT A. BJORK;MARK A. MCDANIEL;DOUG ROHRER,BOOK REVIEW: COMMENT ON STERNBERG’S REVIEW OF ZHANG,THE AMERICAN JOURNAL OF PSYCHOLOGY,2015,0,0,0,"HAROLD PASHLER, 2015, S206630335",0.284578931,0,0,0,0,0,0,0.613218059,0.10220301,0,0,0,china,0.083502037
<a href="https://doi.org/" target="_blank"></a>,HAROLD PASHLER;ROBERT A. BJORK;MARK A. MCDANIEL;DOUG ROHRER;LI‐FANG ZHANG,BOOK REVIEW: COMMENT ON STERNBERG’S REVIEW OF ZHANG,,2015,0,0,0,"HAROLD PASHLER, 2015, ",0.129973475,0,0,0,0,0,0,0.870026525,0,0,0,0,china,0.042762636
<a href="https://doi.org/10.1016/j.jml.2005.01.008" target="_blank">10.1016/j.jml.2005.01.008</a>,BENJAMIN C. STORM;ELIZABETH LIGON BJORK;ROBERT A. BJORK,SOCIAL METACOGNITIVE JUDGMENTS: THE ROLE OF RETRIEVAL-INDUCED FORGETTING IN PERSON MEMORY AND IMPRESSIONS,JOURNAL OF MEMORY AND LANGUAGE,2005,43,2.047619048,0.325757576,"BENJAMIN C. STORM, 2005, S53787413",0.171390318,0.232844849,0,0.595764833,0,0,0,0,0,0,0,0,communication,0.266042099
<a href="https://doi.org/10.1177/0956797614535938" target="_blank">10.1177/0956797614535938</a>,SHARON M. NOH;VERONICA X. YAN;MICHAEL S. VENDETTI;ALAN D. CASTEL;ROBERT A. BJORK,MULTILEVEL INDUCTION OF CATEGORIES: VENOMOUS SNAKES HIJACK THE LEARNING OF LOWER CATEGORY LEVELS,PSYCHOLOGICAL SCIENCE,2014,15,1.25,0.385604113,"SHARON M. NOH, 2014, S58854535",0.180073611,0.099631944,0,0.720294445,0,0,0,0,0,0,0,0,communication,0.14411457
<a href="https://doi.org/10.1145/3372782.3408114" target="_blank">10.1145/3372782.3408114</a>,RILEY SANDBERG;SASKIA GIEBL;STEFANY MENA;ELIZABETH LIGON BJORK;ROBERT A. BJORK,GOOGLE AS TEACHER,,2020,1,0.166666667,0.030769231,"RILEY SANDBERG, 2020, ",0.18868359,0.00291456,0,0.808401849,0,0,0,0,0,0,0,0,communication,0.121344782
<a href="https://doi.org/" target="_blank"></a>,ROBERT A. BJORK,HUMAN FACTORS 101: HOW ABOUT JUST TRYING THINGS OUT?,APS OBSERVER,2000,0,0,0,"ROBERT A. BJORK, 2000, S2764590216-a-b",0.0238005,0.012279239,0,0.963920261,0,0,0,0,0,0,0,0,communication,0.103743054
<a href="https://doi.org/10.1146/annurev.ps.39.020188.002355" target="_blank">10.1146/annurev.ps.39.020188.002355</a>,A RICHARDSON-KLAVEHN;ROBERT A. BJORK,MEASURES OF MEMORY,ANNUAL REVIEW OF PSYCHOLOGY,1988,999,26.28947368,3.365902965,"A RICHARDSON-KLAVEHN, 1988, S90670110",0.896603908,0.103396092,0,0,0,0,0,0,0,0,0,0,computer science,0.160693179
<a href="https://doi.org/10.1111/j.1467-9280.2008.02127.x" target="_blank">10.1111/j.1467-9280.2008.02127.x</a>,NATE KORNELL;ROBERT A. BJORK,LEARNING CONCEPTS AND CATEGORIES,PSYCHOLOGICAL SCIENCE,2008,547,30.38888889,1.764516129,"NATE KORNELL, 2008, S58854535",0.974815227,0.025184773,0,0,0,0,0,0,0,0,0,0,computer science,0.158801991
<a href="https://doi.org/" target="_blank"></a>,ELIZABETH LIGON BJORK;ROBERT A. BJORK,"MAKING THINGS HARD ON YOURSELF, BUT IN A GOOD WAY: CREATING DESIRABLE DIFFICULTIES TO ENHANCE LEARNING.",,2011,445,29.66666667,1.871320437,"ELIZABETH LIGON BJORK, 2011, ",1,0,0,0,0,0,0,0,0,0,0,0,computer science,0.032726701
<a href="https://doi.org/10.1037//0096-3445.127.1.55" target="_blank">10.1037//0096-3445.127.1.55</a>,AARON S. BENJAMIN;ROBERT A. BJORK;BENNETT L. SCHWARTZ,THE MISMEASURE OF MEMORY: WHEN RETRIEVAL FLUENCY IS MISLEADING AS A METAMNEMONIC INDEX.,JOURNAL OF EXPERIMENTAL PSYCHOLOGY GENERAL,1998,402,14.35714286,1.386206897,"AARON S. BENJAMIN, 1998, S62013203",0.9215525,0.0784475,0,0,0,0,0,0,0,0,0,0,computer science,0.246833331
<a href="https://doi.org/10.1016/s0022-5371(70)80059-7" target="_blank">10.1016/s0022-5371(70)80059-7</a>,ROBERT A. BJORK,POSITIVE FORGETTING: THE NONINTERFERENCE OF ITEMS INTENTIONALLY FORGOTTEN,JOURNAL OF VERBAL LEARNING AND VERBAL BEHAVIOR,1970,347,6.196428571,1.374257426,"ROBERT A. BJORK, 1970, S17882476",0.520545007,0.479454993,0,0,0,0,0,0,0,0,0,0,computer science,0.196025413
<a href="https://doi.org/10.1037/0096-3445.133.4.643" target="_blank">10.1037/0096-3445.133.4.643</a>,ASHER KORIAT;ROBERT A. BJORK;LIMOR SHEFFER;SARAH BÄR,PREDICTING ONE'S OWN FORGETTING: THE ROLE OF EXPERIENCE-BASED AND THEORY-BASED PROCESSES.,JOURNAL OF EXPERIMENTAL PSYCHOLOGY GENERAL,2004,326,14.81818182,1.952095808,"ASHER KORIAT, 2004, S62013203",0.693127344,0.306872656,0,0,0,0,0,0,0,0,0,0,computer science,0.196176468
<a href="https://doi.org/10.1037/0278-7393.31.2.187" target="_blank">10.1037/0278-7393.31.2.187</a>,ASHER KORIAT;ROBERT A. BJORK,ILLUSIONS OF COMPETENCE IN MONITORING ONE'S KNOWLEDGE DURING STUDY.,JOURNAL OF EXPERIMENTAL PSYCHOLOGY LEARNING MEMORY AND COGNITION,2005,325,15.47619048,2.462121212,"ASHER KORIAT, 2005, S18666220",0.91255575,0.08744425,0,0,0,0,0,0,0,0,0,0,computer science,0.280262087
<a href="https://doi.org/10.5860/choice.30-2385" target="_blank">10.5860/choice.30-2385</a>,DANIEL DRUCKMAN;ROBERT A. BJORK,IN THE MIND'S EYE: ENHANCING HUMAN PERFORMANCE,CHOICE REVIEWS ONLINE,1992,285,8.382352941,0.570285143,"DANIEL DRUCKMAN, 1992, S2764375719",0.891519794,0.108480206,0,0,0,0,0,0,0,0,0,0,computer science,0.11215953
<a href="https://doi.org/10.1037/0278-7393.14.3.484" target="_blank">10.1037/0278-7393.14.3.484</a>,ELLIOT HIRSHMAN;ROBERT A. BJORK,THE GENERATION EFFECT: SUPPORT FOR A TWO-FACTOR THEORY.,JOURNAL OF EXPERIMENTAL PSYCHOLOGY LEARNING MEMORY AND COGNITION,1988,248,6.526315789,0.835579515,"ELLIOT HIRSHMAN, 1988, S18666220",0.98955188,0.01044812,0,0,0,0,0,0,0,0,0,0,computer science,0.109612368
<a href="https://doi.org/10.5860/choice.32-5359" target="_blank">10.5860/choice.32-5359</a>,DANIEL DRUCKMAN;ROBERT A. BJORK,"LEARNING, REMEMBERING, BELIEVING: ENHANCING HUMAN PERFORMANCE",CHOICE REVIEWS ONLINE,1995,236,7.612903226,1.046563193,"DANIEL DRUCKMAN, 1995, S2764375719",0.862637363,0.137362637,0,0,0,0,0,0,0,0,0,0,computer science,0.074403365
<a href="https://doi.org/10.3758/bf03210965" target="_blank">10.3758/bf03210965</a>,JOHN SHAW;ROBERT A. BJORK;ALLISON HANDAL,RETRIEVAL-INDUCED FORGETTING IN AN EYEWITNESS-MEMORY PARADIGM,PSYCHONOMIC BULLETIN & REVIEW,1995,215,6.935483871,0.953436807,"JOHN SHAW, 1995, S138679565",0.824221863,0.087227498,0,0,0,0,0.088550638,0,0,0,0,0,computer science,0.305117713
<a href="https://doi.org/" target="_blank"></a>,ROBERT A. BJORK,RETRIEVAL PRACTICE AND THE MAINTENANCE OF KNOWLEDGE.,,1988,208,5.473684211,0.700808625,"ROBERT A. BJORK, 1988, ",1,0,0,0,0,0,0,0,0,0,0,0,computer science,0.037756165
<a href="https://doi.org/" target="_blank"></a>,ROBERT A. BJORK,ASSESSING OUR OWN COMPETENCE: HEURISTICS AND ILLUSIONS.,,1999,196,7.259259259,1.661016949,"ROBERT A. BJORK, 1999, ",0.976749929,0.023250071,0,0,0,0,0,0,0,0,0,0,computer science,0.208447232
<a href="https://doi.org/10.1037/a0017807" target="_blank">10.1037/a0017807</a>,NATE KORNELL;ALAN D. CASTEL;TEAL S. EICH;ROBERT A. BJORK,SPACING AS THE FRIEND OF BOTH MEMORY AND INDUCTION IN YOUNG AND OLDER ADULTS.,PSYCHOLOGY AND AGING,2010,172,10.75,1.900552486,"NATE KORNELL, 2010, S55618883",0.840150978,0.159849022,0,0,0,0,0,0,0,0,0,0,computer science,0.202502709
<a href="https://doi.org/10.1111/j.1467-9280.1992.tb00680.x" target="_blank">10.1111/j.1467-9280.1992.tb00680.x</a>,BARBARA A. SPELLMAN;ROBERT A. BJORK,WHEN PREDICTIONS CREATE REALITY: JUDGMENTS OF LEARNING MAY ALTER WHAT THEY ARE INTENDED TO ASSESS,PSYCHOLOGICAL SCIENCE,1992,160,4.705882353,0.32016008,"BARBARA A. SPELLMAN, 1992, S58854535",0.538272337,0.461727663,0,0,0,0,0,0,0,0,0,0,computer science,0.352158702
<a href="https://doi.org/10.5406/amerjpsyc.128.2.0241" target="_blank">10.5406/amerjpsyc.128.2.0241</a>,ROBERT A. BJORK;JUDITH F. KROLL,DESIRABLE DIFFICULTIES IN VOCABULARY LEARNING,THE AMERICAN JOURNAL OF PSYCHOLOGY,2015,146,13.27272727,4.462882096,"ROBERT A. BJORK, 2015, S206630335",0.952069621,0.047930379,0,0,0,0,0,0,0,0,0,0,computer science,0.324525314
<a href="https://doi.org/10.1080/09658210701763899" target="_blank">10.1080/09658210701763899</a>,NATE KORNELL;ROBERT A. BJORK,OPTIMISING SELF-REGULATED STUDY: THE BENEFITS—AND COSTS—OF DROPPING FLASHCARDS,MEMORY,2008,141,7.833333333,0.45483871,"NATE KORNELL, 2008, S47258695",0.64379705,0.35620295,0,0,0,0,0,0,0,0,0,0,computer science,0.138762659
<a href="https://doi.org/10.1037/0278-7393.32.5.1133" target="_blank">10.1037/0278-7393.32.5.1133</a>,ASHER KORIAT;ROBERT A. BJORK,MENDING METACOGNITIVE ILLUSIONS: A COMPARISON OF MNEMONIC-BASED AND THEORY-BASED PROCEDURES.,JOURNAL OF EXPERIMENTAL PSYCHOLOGY LEARNING MEMORY AND COGNITION,2006,141,7.05,1.46875,"ASHER KORIAT, 2006, S18666220",0.975783237,0.024216763,0,0,0,0,0,0,0,0,0,0,computer science,0.311149726
<a href="https://doi.org/10.1037/xge0000177" target="_blank">10.1037/xge0000177</a>,VERONICA X. YAN;ELIZABETH LIGON BJORK;ROBERT A. BJORK,"ON THE DIFFICULTY OF MENDING METACOGNITIVE ILLUSIONS: A PRIORI THEORIES, FLUENCY EFFECTS, AND MISATTRIBUTIONS OF THE INTERLEAVING BENEFIT.",JOURNAL OF EXPERIMENTAL PSYCHOLOGY GENERAL,2016,135,13.5,3.698630137,"VERONICA X. YAN, 2016, S62013203",0.877482019,0.122517981,0,0,0,0,0,0,0,0,0,0,computer science,0.335844246
<a href="https://doi.org/10.1016/j.jarmac.2014.04.003" target="_blank">10.1016/j.jarmac.2014.04.003</a>,VERONICA X. YAN;KHANH-PHUONG THAI;ROBERT A. BJORK,HABITS AND BELIEFS THAT GUIDE SELF-REGULATED LEARNING: DO THEY VARY WITH MINDSET?,JOURNAL OF APPLIED RESEARCH IN MEMORY AND COGNITION,2014,110,9.166666667,2.827763496,"VERONICA X. YAN, 2014, S2764634622",0.994670118,0.005329882,0,0,0,0,0,0,0,0,0,0,computer science,0.167202477
<a href="https://doi.org/10.1111/1467-8721.ep10772899" target="_blank">10.1111/1467-8721.ep10772899</a>,BENNETT L. SCHWARTZ;AARON S. BENJAMIN;ROBERT A. BJORK,THE INFERENTIAL AND EXPERIENTIAL BASES OF METAMEMORY,CURRENT DIRECTIONS IN PSYCHOLOGICAL SCIENCE,1997,107,3.689655172,1.981481481,"BENNETT L. SCHWARTZ, 1997, S114020440",0.686153692,0.027533395,0,0,0,0,0.286312913,0,0,0,0,0,computer science,0.284799416
<a href="https://doi.org/10.3758/bf03193244" target="_blank">10.3758/bf03193244</a>,ASHER KORIAT;ROBERT A. BJORK,ILLUSIONS OF COMPETENCE DURING STUDY CAN BE REMEDIED BY MANIPULATIONS THAT ENHANCE LEARNERS’ SENSITIVITY TO RETRIEVAL CONDITIONS AT TEST,MEMORY & COGNITION,2006,89,4.45,0.927083333,"ASHER KORIAT, 2006, S114265899",0.882403176,0.117596824,0,0,0,0,0,0,0,0,0,0,computer science,0.330193506
<a href="https://doi.org/10.1037/a0031971" target="_blank">10.1037/a0031971</a>,CAROLE L. YUE;ELIZABETH LIGON BJORK;ROBERT A. BJORK,REDUCING VERBAL REDUNDANCY IN MULTIMEDIA LEARNING: AN UNDESIRED DESIRABLE DIFFICULTY?,JOURNAL OF EDUCATIONAL PSYCHOLOGY,2013,87,6.692307692,2.597014925,"CAROLE L. YUE, 2013, S61703936",0.631436087,0.044171079,0,0,0,0,0,0.324392834,0,0,0,0,computer science,0.281822422
<a href="https://doi.org/10.1002/tl.44" target="_blank">10.1002/tl.44</a>,PATRICIA A. DEWINSTANLEY;ROBERT A. BJORK,SUCCESSFUL LECTURING: PRESENTING INFORMATION IN WAYS THAT ENGAGE EFFECTIVE PROCESSING,NEW DIRECTIONS FOR TEACHING AND LEARNING,2002,81,3.375,1.144067797,"PATRICIA A. DEWINSTANLEY, 2002, S96205195",0.740922812,0.0064367,0,0,0,0.252640487,0,0,0,0,0,0,computer science,0.135925729
<a href="https://doi.org/10.1016/j.jml.2014.03.003" target="_blank">10.1016/j.jml.2014.03.003</a>,NICHOLAS C. SODERSTROM;ROBERT A. BJORK,TESTING FACILITATES THE REGULATION OF SUBSEQUENT STUDY TIME,JOURNAL OF MEMORY AND LANGUAGE,2014,80,6.666666667,2.05655527,"NICHOLAS C. SODERSTROM, 2014, S53787413",0.624243604,0.239557792,0,0,0,0,0.136198604,0,0,0,0,0,computer science,0.332254745
<a href="https://doi.org/" target="_blank"></a>,ROBERT A. BJORK;JASON R. FINLEY;MARCIA C. LINN;LINDSEY E. RICHLAND,LINKING COGNITIVE SCIENCE TO EDUCATION: GENERATION AND INTERLEAVING EFFECTS,PROCEEDINGS OF THE ANNUAL MEETING OF THE COGNITIVE SCIENCE SOCIETY,2005,62,2.952380952,0.46969697,"ROBERT A. BJORK, 2005, S4306523994",0.94252772,0.05747228,0,0,0,0,0,0,0,0,0,0,computer science,0.302203357
<a href="https://doi.org/10.1146/annurev.ps.24.020173.000501" target="_blank">10.1146/annurev.ps.24.020173.000501</a>,JAMES G. GREENO;ROBERT A. BJORK,MATHEMATICAL LEARNING THEORY AND THE NEW "MENTAL FORESTRY",ANNUAL REVIEW OF PSYCHOLOGY,1973,53,1,0.515564202,"JAMES G. GREENO, 1973, S90670110",0.743050895,0.256949105,0,0,0,0,0,0,0,0,0,0,computer science,0.131883756
<a href="https://doi.org/10.1037/xap0000139" target="_blank">10.1037/xap0000139</a>,VERONICA X. YAN;NICHOLAS C. SODERSTROM;GAYAN S SENEVIRATNA;ELIZABETH LIGON BJORK;ROBERT A. BJORK,HOW SHOULD EXEMPLARS BE SEQUENCED IN INDUCTIVE LEARNING? EMPIRICAL EVIDENCE VERSUS LEARNERS’ OPINIONS.,JOURNAL OF EXPERIMENTAL PSYCHOLOGY APPLIED,2017,52,5.777777778,2,"VERONICA X. YAN, 2017, S79587319",0.980583635,0.019416365,0,0,0,0,0,0,0,0,0,0,computer science,0.317998612
<a href="https://doi.org/10.1037/0278-7393.32.3.595" target="_blank">10.1037/0278-7393.32.3.595</a>,ASHER KORIAT;HILIT MA’AYAN;LIMOR SHEFFER;ROBERT A. BJORK,EXPLORING A MNEMONIC DEBIASING ACCOUNT OF THE UNDERCONFIDENCE-WITH-PRACTICE EFFECT.,JOURNAL OF EXPERIMENTAL PSYCHOLOGY LEARNING MEMORY AND COGNITION,2006,50,2.5,0.520833333,"ASHER KORIAT, 2006, S18666220-a",0.939459253,0.060540747,0,0,0,0,0,0,0,0,0,0,computer science,0.181329402
<a href="https://doi.org/10.1037//0278-7393.26.3.638" target="_blank">10.1037//0278-7393.26.3.638</a>,AARON S. BENJAMIN;ROBERT A. BJORK,ON THE RELATIONSHIP BETWEEN RECOGNITION SPEED AND ACCURACY FOR WORDS REHEARSED VIA ROTE VERSUS ELABORATIVE REHEARSAL.,JOURNAL OF EXPERIMENTAL PSYCHOLOGY LEARNING MEMORY AND COGNITION,2000,46,1.769230769,0.762852405,"AARON S. BENJAMIN, 2000, S18666220",0.72526798,0.27473202,0,0,0,0,0,0,0,0,0,0,computer science,0.239697631
<a href="https://doi.org/10.1037/0278-7393.4.4.347" target="_blank">10.1037/0278-7393.4.4.347</a>,ROBERT A. BJORK;R. EDWARD GEISELMAN,CONSTITUENT PROCESSES IN THE DIFFERENTIATION OF ITEMS IN MEMORY.,JOURNAL OF EXPERIMENTAL PSYCHOLOGY HUMAN LEARNING & MEMORY,1978,45,0.9375,0.176470588,"ROBERT A. BJORK, 1978, S4210236024",0.743050895,0.256949105,0,0,0,0,0,0,0,0,0,0,computer science,0.131883756
<a href="https://doi.org/10.1177/0956797615617778" target="_blank">10.1177/0956797615617778</a>,NICHOLAS C. SODERSTROM;TYSON KERR;ROBERT A. BJORK,THE CRITICAL IMPORTANCE OF RETRIEVAL—AND SPACING—FOR LEARNING,PSYCHOLOGICAL SCIENCE,2015,44,4,1.344978166,"NICHOLAS C. SODERSTROM, 2015, S58854535",0.72610847,0.27389153,0,0,0,0,0,0,0,0,0,0,computer science,0.219971129
<a href="https://doi.org/10.1037/h0101799" target="_blank">10.1037/h0101799</a>,VERONICA X. YAN;KHANH-PHUONG THAI;ROBERT A. BJORK,HABITS AND BELIEFS THAT GUIDE SELF-REGULATED LEARNING: DO THEY VARY WITH MINDSET?,JOURNAL OF APPLIED RESEARCH IN MEMORY AND COGNITION,2014,42,3.5,1.079691517,"VERONICA X. YAN, 2014, S2764634622-a",0.979317329,0.020682671,0,0,0,0,0,0,0,0,0,0,computer science,0.178932989
<a href="https://doi.org/10.1093/clipsy.6.1.80" target="_blank">10.1093/clipsy.6.1.80</a>,ARIEL J. LANG;MICHELLE G. CRASKE;ROBERT A. BJORK,IMPLICATIONS OF A NEW THEORY OF DISUSE FOR THE TREATMENT OF EMOTIONAL DISORDERS.,CLINICAL PSYCHOLOGY SCIENCE AND PRACTICE,1999,40,1.481481481,0.338983051,"ARIEL J. LANG, 1999, S82332189",0.935313209,0.064686791,0,0,0,0,0,0,0,0,0,0,computer science,0.12581757
<a href="https://doi.org/10.1016/j.cognition.2016.06.007" target="_blank">10.1016/j.cognition.2016.06.007</a>,SHARON M. NOH;VERONICA X. YAN;ROBERT A. BJORK;W. TODD MADDOX,OPTIMAL SEQUENCING DURING CATEGORY LEARNING: TESTING A DUAL-LEARNING SYSTEMS PERSPECTIVE,COGNITION,2016,39,3.9,1.068493151,"SHARON M. NOH, 2016, S88198767",0.62729278,0.03950848,0,0,0,0.33319874,0,0,0,0,0,0,computer science,0.22436696
<a href="https://doi.org/10.1037/0278-7393.26.3.638" target="_blank">10.1037/0278-7393.26.3.638</a>,AARON S. BENJAMIN;ROBERT A. BJORK,ON THE RELATIONSHIP BETWEEN RECOGNITION SPEED AND ACCURACY FOR WORDS REHEARSED VIA ROTE VERSUS ELABORATIVE REHEARSAL.,JOURNAL OF EXPERIMENTAL PSYCHOLOGY LEARNING MEMORY AND COGNITION,2000,32,1.230769231,0.530679934,"AARON S. BENJAMIN, 2000, S18666220-a",0.990187662,0.009812338,0,0,0,0,0,0,0,0,0,0,computer science,0.134087057
<a href="https://doi.org/10.1016/j.jecp.2014.01.004" target="_blank">10.1016/j.jecp.2014.01.004</a>,HALEY A. VLACH;CATHERINE M. SANDHOFER;ROBERT A. BJORK,EQUAL SPACING AND EXPANDING SCHEDULES IN CHILDREN’S CATEGORIZATION AND GENERALIZATION,JOURNAL OF EXPERIMENTAL CHILD PSYCHOLOGY,2014,30,2.5,0.771208226,"HALEY A. VLACH, 2014, S201005279",0.659387591,0.340612409,0,0,0,0,0,0,0,0,0,0,computer science,0.327945956
<a href="https://doi.org/10.1037//0278-7393.14.3.484" target="_blank">10.1037//0278-7393.14.3.484</a>,ELLIOT HIRSHMAN;ROBERT A. BJORK,THE GENERATION EFFECT: SUPPORT FOR A TWO-FACTOR THEORY.,JOURNAL OF EXPERIMENTAL PSYCHOLOGY LEARNING MEMORY AND COGNITION,1988,24,0.631578947,0.080862534,"ELLIOT HIRSHMAN, 1988, S18666220-a",0.978457568,0.021542432,0,0,0,0,0,0,0,0,0,0,computer science,0.183550349
<a href="https://doi.org/10.1016/0022-2496(68)90062-x" target="_blank">10.1016/0022-2496(68)90062-x</a>,ROBERT A. BJORK,ALL-OR-NONE SUBPROCESSES IN THE LEARNING OF COMPLEX SEQUENCES,JOURNAL OF MATHEMATICAL PSYCHOLOGY,1968,22,0.379310345,0.362637363,"ROBERT A. BJORK, 1968, S126294776",0.978033816,0.021966184,0,0,0,0,0,0,0,0,0,0,computer science,0.130912187
<a href="https://doi.org/10.1007/s10648-021-09611-y" target="_blank">10.1007/s10648-021-09611-y</a>,STEVEN C. PAN;TIMOTHY C. RICKARD;ROBERT A. BJORK,"DOES SPELLING STILL MATTER—AND IF SO, HOW SHOULD IT BE TAUGHT? PERSPECTIVES FROM CONTEMPORARY AND HISTORICAL RESEARCH",EDUCATIONAL PSYCHOLOGY REVIEW,2021,21,4.2,1.75,"STEVEN C. PAN, 2021, S187318745",0.706112446,0.293887554,0,0,0,0,0,0,0,0,0,0,computer science,0.171148448
<a href="https://doi.org/10.1007/s11409-016-9156-8" target="_blank">10.1007/s11409-016-9156-8</a>,ROBERT A. BJORK;CAROLE L. YUE,COMMENTARY: IS DISFLUENCY DESIRABLE?,METACOGNITION AND LEARNING,2016,18,1.8,0.493150685,"ROBERT A. BJORK, 2016, S13069421",0.783304788,0.216695212,0,0,0,0,0,0,0,0,0,0,computer science,0.132294447
<a href="https://doi.org/10.1111/1467-9280.00237" target="_blank">10.1111/1467-9280.00237</a>,STEPHEN J. CECI;ROBERT A. BJORK,<I>PSYCHOLOGICAL SCIENCE IN THE PUBLIC INTEREST:</I> THE CASE FOR JURIED ANALYSES,PSYCHOLOGICAL SCIENCE,2000,16,0.615384615,0.265339967,"STEPHEN J. CECI, 2000, S58854535",0.659105167,0.008469437,0,0,0,0,0,0,0.332425396,0,0,0,computer science,0.143142536
<a href="https://doi.org/" target="_blank"></a>,BARBARA A. SPELLMAN;AARON BLOOMFIELD;ROBERT A. BJORK,MEASURING MEMORY AND METAMEMORY: THEORETICAL AND STATISTICAL PROBLEMS WITH ASSESSING LEARNING (IN GENERAL) AND USING GAMMA (IN PARTICULAR) TO DO SO.,,2008,15,0.833333333,0.048387097,"BARBARA A. SPELLMAN, 2008, ",0.805517397,0.194482603,0,0,0,0,0,0,0,0,0,0,computer science,0.256035219
<a href="https://doi.org/" target="_blank"></a>,COURTNEY M. CLARK;ROBERT A. BJORK,WHEN AND WHY INTRODUCING DIFFICULTIES AND ERRORS CAN ENHANCE INSTRUCTION.,,2014,12,1,0.30848329,"COURTNEY M. CLARK, 2014, ",0.759139038,0.240860962,0,0,0,0,0,0,0,0,0,0,computer science,0.176242518
<a href="https://doi.org/10.1037/xap0000322" target="_blank">10.1037/xap0000322</a>,FARIA SANA;VERONICA X. YAN;COURTNEY M. CLARK;ELIZABETH LIGON BJORK;ROBERT A. BJORK,IMPROVING CONCEPTUAL LEARNING VIA PRETESTS.,JOURNAL OF EXPERIMENTAL PSYCHOLOGY APPLIED,2020,12,2,0.369230769,"FARIA SANA, 2020, S79587319",0.952624786,0.007685832,0,0,0,0.039689382,0,0,0,0,0,0,computer science,0.228619325
<a href="https://doi.org/10.4324/9781315625737-12" target="_blank">10.4324/9781315625737-12</a>,VERONICA X. YAN;COURTNEY M. CLARK;ROBERT A. BJORK,MEMORY AND METAMEMORY CONSIDERATIONS IN THE INSTRUCTION OF HUMAN BEINGS REVISITED: IMPLICATIONS FOR OPTIMIZING ONLINE LEARNING.,,2016,10,1,0.273972603,"VERONICA X. YAN, 2016, ",0.89455177,0.10544823,0,0,0,0,0,0,0,0,0,0,computer science,0.252253217
<a href="https://doi.org/10.7936/k7qn64nr" target="_blank">10.7936/k7qn64nr</a>,ROBERT A. BJORK;VERONICA X. YAN,CHAPTER 01: THE INCREASING IMPORTANCE OF LEARNING HOW TO LEARN,,2014,9,0.75,0.231362468,"ROBERT A. BJORK, 2014, ",1,0,0,0,0,0,0,0,0,0,0,0,computer science,0.053937449
<a href="https://doi.org/" target="_blank"></a>,LINDSEY E. RICHLAND;JASON R. FINLEY;ROBERT A. BJORK,DIFFERENTIATING THE CONTEXTUAL INTERFERENCE EFFECT FROM THE SPACING EFFECT,PROCEEDINGS OF THE ANNUAL MEETING OF THE COGNITIVE SCIENCE SOCIETY,2004,8,0.363636364,0.047904192,"LINDSEY E. RICHLAND, 2004, S4306523994",0.803908031,0.196091969,0,0,0,0,0,0,0,0,0,0,computer science,0.268229948
<a href="https://doi.org/10.3389/fpsyg.2019.01863" target="_blank">10.3389/fpsyg.2019.01863</a>,OLIVER KLIEGL;ROBERT A. BJORK;KARL‐HEINZ T. BÄUML,FEEDBACK AT TEST CAN REVERSE THE RETRIEVAL-EFFORT EFFECT,FRONTIERS IN PSYCHOLOGY,2019,7,1,1,"OLIVER KLIEGL, 2019, S9692511",0.810936458,0.189063542,0,0,0,0,0,0,0,0,0,0,computer science,0.228437523
<a href="https://doi.org/10.3758/bf03198320" target="_blank">10.3758/bf03198320</a>,JOHN C. JAHNKE;RAY E. BOWER;ROBERT A. BJORK,THE STIMULUS PREFIX IS NOT IRRELEVANT AND IS REDUNDANT IN DIFFERENT WAYS,MEMORY & COGNITION,1985,5,0.12195122,1,"JOHN C. JAHNKE, 1985, S114265899",0.733473158,0.144125442,0,0.1224014,0,0,0,0,0,0,0,0,computer science,0.252813567
<a href="https://doi.org/10.1037/mac0000072" target="_blank">10.1037/mac0000072</a>,SASKIA GIEBL;STEFANY MENA;RILEY SANDBERG;ELIZABETH LIGON BJORK;ROBERT A. BJORK,THINKING FIRST VERSUS GOOGLING FIRST: PREFERENCES AND CONSEQUENCES.,JOURNAL OF APPLIED RESEARCH IN MEMORY AND COGNITION,2022,4,1,2.666666667,"SASKIA GIEBL, 2022, S2764634622",0.64379705,0.35620295,0,0,0,0,0,0,0,0,0,0,computer science,0.138762659
<a href="https://doi.org/10.1002/acp.4166" target="_blank">10.1002/acp.4166</a>,A.M. CHEN;DILLON H. MURPHY;JORDAN ANDREW BRABEC;ROBERT A. BJORK;ELIZABETH LIGON BJORK,THE EFFECTS OF LECTURE SPEED AND NOTE‐TAKING ON MEMORY FOR EDUCATIONAL MATERIAL,APPLIED COGNITIVE PSYCHOLOGY,2024,3,1.5,0.818181818,"A.M. CHEN, 2024, S91386000",0.930665499,0.069334501,0,0,0,0,0,0,0,0,0,0,computer science,0.221919976
<a href="https://doi.org/" target="_blank"></a>,ROBERT A. BJORK,ON GIVING PSYCHOLOGY AWAY,APS OBSERVER,1991,2,0.057142857,2,"ROBERT A. BJORK, 1991, S2764590216",0.563353899,0.436646101,0,0,0,0,0,0,0,0,0,0,computer science,0.113043761
<a href="https://doi.org/10.1017/s0140525x97230013" target="_blank">10.1017/s0140525x97230013</a>,AARON S. BENJAMIN;ROBERT A. BJORK,PROBLEMATIC ASPECTS OF EMBODIED MEMORY,BEHAVIORAL AND BRAIN SCIENCES,1997,1,0.034482759,0.018518519,"AARON S. BENJAMIN, 1997, S59628311",0.9416447,0.0583553,0,0,0,0,0,0,0,0,0,0,computer science,0.204568271
<a href="https://doi.org/" target="_blank"></a>,JINGQI YU;VERONICA X. YAN;ELIZABETH LIGON BJORK;ROBERT A. BJORK,"BACK TO ABCS: CLUSTERING ALPHABETICALLY, RATHER THAN SEMANTICALLY, ENHANCES VOCABULARY LEARNING.",COGNITIVE SCIENCE,2017,0,0,0,"JINGQI YU, 2017, S78735424",0.951563741,0.048436259,0,0,0,0,0,0,0,0,0,0,computer science,0.096069023
<a href="https://doi.org/" target="_blank"></a>,ROBERT A. BJORK,TOWARD ONE WORLD OF PSYCHOLOGICAL SCIENCE,APS OBSERVER,2000,0,0,0,"ROBERT A. BJORK, 2000, S2764590216",0.982535293,0.017464707,0,0,0,0,0,0,0,0,0,0,computer science,0.083083307
<a href="https://doi.org/10.1037/h0092847" target="_blank">10.1037/h0092847</a>,ROBERT A. BJORK,POLICY ON CRITIQUES AND REPLIES: PSYCHOLOGICAL REVIEW.,PSYCHOLOGICAL REVIEW,1996,0,0,0,"ROBERT A. BJORK, 1996, S35223124",0.896603908,0.103396092,0,0,0,0,0,0,0,0,0,0,computer science,0.160693179
<a href="https://doi.org/" target="_blank"></a>,MATTHEW HAYS;LINDSEY E. RICHLAND;ROBERT A. BJORK,METACOGNITIVE SOPHISTICATION ABOUT DESIRABLE DIFFICULTY: IMPLICATIONS FOR LEARNING COMPLEX MATERIAL,,1994,0,0,0,"MATTHEW HAYS, 1994, ",0.967805476,0.032194524,0,0,0,0,0,0,0,0,0,0,computer science,0.286545243
<a href="https://doi.org/" target="_blank"></a>,JANET METCALFE;ROBERT A. BJORK,COMPOSITE MODELS NEVER COMPROMISE: REPLY TO SCHOOLER AND TANAKA,,1991,0,0,0,"JANET METCALFE, 1991, ",0.878767994,0.121232006,0,0,0,0,0,0,0,0,0,0,computer science,0.126642473
<a href="https://doi.org/10.1016/s0022-5371(73)80003-9" target="_blank">10.1016/s0022-5371(73)80003-9</a>,WALTER REITMAN;JANE T. MALIN;ROBERT A. BJORK;BARBARA HIGMAN,STRATEGY CONTROL AND DIRECTED FORGETTING,JOURNAL OF VERBAL LEARNING AND VERBAL BEHAVIOR,1973,52,0.981132075,0.505836576,"WALTER REITMAN, 1973, S17882476",0.063210922,0.066827785,0,0.144993549,0,0,0,0,0,0.724967744,0,0,control (management),0.197197015
<a href="https://doi.org/10.1007/s11606-008-0604-2" target="_blank">10.1007/s11606-008-0604-2</a>,DOUGLAS S. BELL;CHARLES E. HARLESS;JERILYN K. HIGA;ELIZABETH LIGON BJORK;ROBERT A. BJORK;MOHSEN BAZARGAN;CAROL M. MANGIONE,KNOWLEDGE RETENTION AFTER AN ONLINE TUTORIAL: A RANDOMIZED EDUCATIONAL EXPERIMENT AMONG RESIDENT PHYSICIANS,JOURNAL OF GENERAL INTERNAL MEDICINE,2008,96,5.333333333,0.309677419,"DOUGLAS S. BELL, 2008, S116608325",0.271663769,0.082561755,0,0,0,0,0.645774476,0,0,0,0,0,history,0.247474426
<a href="https://doi.org/10.1037/1076-898x.8.4.222" target="_blank">10.1037/1076-898x.8.4.222</a>,DOMINIC A. SIMON;ROBERT A. BJORK,"MODELS OF PERFORMANCE IN LEARNING MULTISEGMENT MOVEMENT TASKS: CONSEQUENCES FOR ACQUISITION, RETENTION, AND JUDGMENTS OF LEARNING.",JOURNAL OF EXPERIMENTAL PSYCHOLOGY APPLIED,2002,25,1.041666667,0.353107345,"DOMINIC A. SIMON, 2002, S79587319-a",0.047898003,0.039409484,0,0,0,0.26076929,0.651923224,0,0,0,0,0,history,0.217947261
<a href="https://doi.org/" target="_blank"></a>,R. D. FULK;ROBERT A. BJORK;JOHN D. NILES;HELEN DAMICO,"KLAEBER’S BEOWULF: AND THE FIGHT AT FINNSBURG, FOURTH EDITION",,2008,6,0.333333333,0.019354839,"R. D. FULK, 2008, ",0.068965517,0,0,0,0,0,0.931034483,0,0,0,0,0,history,0.040971902
<a href="https://doi.org/10.53776/tips-retrieval-practice" target="_blank">10.53776/tips-retrieval-practice</a>,ROBERT A. BJORK,RETRIEVAL PRACTICE: THE IMPORTANCE OF DOING,CHARACTER LAB TIPS,2022,0,0,0,"ROBERT A. BJORK, 2022, S4210190338-a-b-c-d",0.0858308,0.002453706,0,0,0,0,0.526483595,0,0,0,0,0.385231899,history,0.110663564
<a href="https://doi.org/10.53776/retrieval-practice" target="_blank">10.53776/retrieval-practice</a>,ROBERT A. BJORK,RETRIEVAL PRACTICE: THE IMPORTANCE OF DOING,CHARACTER LAB TIPS,2022,0,0,0,"ROBERT A. BJORK, 2022, S4210190338",0.006548106,0.003378322,0,0,0,0,0.459677016,0,0,0,0,0.530396557,inflatable,0.114043637
<a href="https://doi.org/10.1037/0096-3445.135.3.429" target="_blank">10.1037/0096-3445.135.3.429</a>,ASHER KORIAT;KLAUS FIEDLER;ROBERT A. BJORK,INFLATION OF CONDITIONAL PREDICTIONS.,JOURNAL OF EXPERIMENTAL PSYCHOLOGY GENERAL,2006,26,1.3,0.270833333,"ASHER KORIAT, 2006, S62013203",0.111292295,0.125560538,0,0,0.667753771,0.095393396,0,0,0,0,0,0,mathematical economics,0.045365004
<a href="https://doi.org/10.2307/2283857" target="_blank">10.2307/2283857</a>,WAYNE LEE;RICHARD C. ATKINSON;GORDON H. BOWER;EDWARD J. CROTHERS;WILLIAM H. BATCHELDER;ROBERT A. BJORK;JOHN I. YELLOTT,AN INTRODUCTION TO MATHEMATICAL LEARNING THEORY.,JOURNAL OF THE AMERICAN STATISTICAL ASSOCIATION,1968,0,0,0,"WAYNE LEE, 1968, S4394736638",0.111899902,0.140562605,0,0,0.747537492,0,0,0,0,0,0,0,mathematical economics,0.072887089
<a href="https://doi.org/" target="_blank"></a>,ELIZABETH LIGON BJORK;ROBERT A. BJORK,MEMORY: HANDBOOK OF PERCEPTION AND COGNITION,,1996,134,4.466666667,1.571847507,"ELIZABETH LIGON BJORK, 1996, ",0.215161506,0.197638966,0.587199528,0,0,0,0,0,0,0,0,0,perception,0.237712288
<a href="https://doi.org/10.1016/0010-0285(80)90008-0" target="_blank">10.1016/0010-0285(80)90008-0</a>,R. EDWARD GEISELMAN;ROBERT A. BJORK,PRIMARY VERSUS SECONDARY REHEARSAL IN IMAGINED VOICES: DIFFERENTIAL EFFECTS ON RECOGNITION,COGNITIVE PSYCHOLOGY,1980,121,2.630434783,1,"R. EDWARD GEISELMAN, 1980, S36783443",0.007133869,0.370996567,0.564085224,0.05778434,0,0,0,0,0,0,0,0,perception,0.327288107
<a href="https://doi.org/10.1080/20445911.2012.674030" target="_blank">10.1080/20445911.2012.674030</a>,BENJAMIN C. STORM;ELIZABETH LIGON BJORK;ROBERT A. BJORK,ON THE DURABILITY OF RETRIEVAL-INDUCED FORGETTING,JOURNAL OF COGNITIVE PSYCHOLOGY,2012,65,4.642857143,0.61155914,"BENJAMIN C. STORM, 2012, S2765022084",0.028474701,0.364065009,0.60746029,0,0,0,0,0,0,0,0,0,perception,0.263965206
<a href="https://doi.org/10.3758/bf03200858" target="_blank">10.3758/bf03200858</a>,A RICHARDSON-KLAVEHN;MERIDETH G. LEE;RAOUL JOUBRAN;ROBERT A. BJORK,INTENTION AND AWARENESS IN PERCEPTUAL IDENTIFICATION PRIMING,MEMORY & COGNITION,1994,64,2,0.207343413,"A RICHARDSON-KLAVEHN, 1994, S114265899",0.011615545,0.01820986,0.970174595,0,0,0,0,0,0,0,0,0,perception,0.245584793
<a href="https://doi.org/10.1177/1745691617690642" target="_blank">10.1177/1745691617690642</a>,ROBERT A. BJORK,BEING SUSPICIOUS OF THE SENSE OF EASE AND UNDETERRED BY THE SENSE OF DIFFICULTY: LOOKING BACK AT SCHMIDT AND BJORK (1992),PERSPECTIVES ON PSYCHOLOGICAL SCIENCE,2018,38,4.75,1.245901639,"ROBERT A. BJORK, 2018, S27228949",0.014363606,0.016093001,0.969543393,0,0,0,0,0,0,0,0,0,perception,0.164019829
<a href="https://doi.org/10.1080/09658211.2010.511234" target="_blank">10.1080/09658211.2010.511234</a>,WENDY S. FRANCIS;NORMA P. FERNANDEZ;ROBERT A. BJORK,CONCEPTUAL AND NON-CONCEPTUAL REPETITION PRIMING IN CATEGORY EXEMPLAR GENERATION: EVIDENCE FROM BILINGUALS,MEMORY,2010,24,1.5,0.26519337,"WENDY S. FRANCIS, 2010, S47258695",0.009598348,0.203337108,0.787064543,0,0,0,0,0,0,0,0,0,perception,0.256685016
<a href="https://doi.org/10.3758/bf03337282" target="_blank">10.3758/bf03337282</a>,ALAN RICHARDSON‐KLAVEHN;ROBERT A. BJORK,PRIMARY VERSUS SECONDARY REHEARSAL IN AN IMAGINED VOICE: DIFFERENTIAL EFFECTS ON RECOGNITION MEMORY AND PERCEPTUAL IDENTIFICATION,BULLETIN OF THE PSYCHONOMIC SOCIETY,1988,5,0.131578947,0.016846361,"ALAN RICHARDSON‐KLAVEHN, 1988, S2764736474",0.322933066,0.031783714,0.64528322,0,0,0,0,0,0,0,0,0,perception,0.238267346
<a href="https://doi.org/10.1111/j.1467-9280.1992.tb00029.x" target="_blank">10.1111/j.1467-9280.1992.tb00029.x</a>,RICHARD A. SCHMIDT;ROBERT A. BJORK,NEW CONCEPTUALIZATIONS OF PRACTICE: COMMON PRINCIPLES IN THREE PARADIGMS SUGGEST NEW CONCEPTS FOR TRAINING,PSYCHOLOGICAL SCIENCE,1992,1544,45.41176471,3.089544772,"RICHARD A. SCHMIDT, 1992, S58854535",0.09028169,0.026377989,0,0,0,0.883340321,0,0,0,0,0,0,physics,0.266736413
<a href="https://doi.org/10.1037/0278-7393.20.5.1063" target="_blank">10.1037/0278-7393.20.5.1063</a>,MICHAEL C. ANDERSON;ROBERT A. BJORK;ELIZABETH LIGON BJORK,REMEMBERING CAN CAUSE FORGETTING: RETRIEVAL DYNAMICS IN LONG-TERM MEMORY.,JOURNAL OF EXPERIMENTAL PSYCHOLOGY LEARNING MEMORY AND COGNITION,1994,109,3.40625,0.353131749,"MICHAEL C. ANDERSON, 1994, S18666220",0.023013098,0.058459564,0,0,0,0.918527338,0,0,0,0,0,0,physics,0.28544376
<a href="https://doi.org/10.1037//0278-7393.20.5.1063" target="_blank">10.1037//0278-7393.20.5.1063</a>,MICHAEL C. ANDERSON;ROBERT A. BJORK;ELIZABETH LIGON BJORK,REMEMBERING CAN CAUSE FORGETTING: RETRIEVAL DYNAMICS IN LONG-TERM MEMORY.,JOURNAL OF EXPERIMENTAL PSYCHOLOGY LEARNING MEMORY AND COGNITION,1994,73,2.28125,0.23650108,"MICHAEL C. ANDERSON, 1994, S18666220-a",0.073906236,0.055414292,0,0,0,0.870679472,0,0,0,0,0,0,physics,0.290294584
<a href="https://doi.org/10.1037//0278-7393.27.4.907" target="_blank">10.1037//0278-7393.27.4.907</a>,DOMINIC A. SIMON;ROBERT A. BJORK,METACOGNITION IN MOTOR LEARNING.,JOURNAL OF EXPERIMENTAL PSYCHOLOGY LEARNING MEMORY AND COGNITION,2001,37,1.48,0.22122571,"DOMINIC A. SIMON, 2001, S18666220-a",0.182966259,0.158355208,0,0,0,0.658678533,0,0,0,0,0,0,physics,0.199444732
<a href="https://doi.org/10.1037//1076-898x.8.4.222" target="_blank">10.1037//1076-898x.8.4.222</a>,DOMINIC A. SIMON;ROBERT A. BJORK,"MODELS OF PERFORMANCE IN LEARNING MULTISEGMENT MOVEMENT TASKS: CONSEQUENCES FOR ACQUISITION, RETENTION, AND JUDGMENTS OF LEARNING.",JOURNAL OF EXPERIMENTAL PSYCHOLOGY APPLIED,2002,36,1.5,0.508474576,"DOMINIC A. SIMON, 2002, S79587319",0.184899165,0.046937067,0,0,0,0.768163769,0,0,0,0,0,0,physics,0.277935953
<a href="https://doi.org/" target="_blank"></a>,ROBERT A. BJORK,HOW TO SUCCEED IN COLLEGE: LEARN HOW TO LEARN,APS OBSERVER,2001,5,0.2,0.029895366,"ROBERT A. BJORK, 2001, S2764590216",0.196004994,0.019975031,0,0,0,0.784019975,0,0,0,0,0,0,physics,0.074494621
<a href="https://doi.org/10.1037/mac0000193" target="_blank">10.1037/mac0000193</a>,SHARON M. NOH;ROBERT A. BJORK;ALISON R. PRESTON,GENERAL KNOWLEDGE AND DETAILED MEMORY BENEFIT FROM DIFFERENT TRAINING SEQUENCES.,JOURNAL OF APPLIED RESEARCH IN MEMORY AND COGNITION,2024,0,0,0,"SHARON M. NOH, 2024, S2764634622",0,0.012745429,0,0,0,0.987254571,0,0,0,0,0,0,physics,0.134733918
<a href="https://doi.org/10.1111/j.1539-6053.2009.01038.x" target="_blank">10.1111/j.1539-6053.2009.01038.x</a>,HAROLD PASHLER;MARK A. MCDANIEL;DOUG ROHRER;ROBERT A. BJORK,LEARNING STYLES,PSYCHOLOGICAL SCIENCE IN THE PUBLIC INTEREST,2008,1874,104.1111111,6.04516129,"HAROLD PASHLER, 2008, S1025063068",0.0238005,0.9761995,0,0,0,0,0,0,0,0,0,0,psychology,0.103847851
<a href="https://doi.org/10.1037/0278-7393.20.5.1063" target="_blank">10.1037/0278-7393.20.5.1063</a>,MICHAEL C. ANDERSON;ROBERT A. BJORK;ELIZABETH LIGON BJORK,REMEMBERING CAN CAUSE FORGETTING: RETRIEVAL DYNAMICS IN LONG-TERM MEMORY.,PUBMED,1994,1407,43.96875,4.558315335,"MICHAEL C. ANDERSON, 1994, S4306525036",0,1,0,0,0,0,0,0,0,0,0,0,psychology,0.264726093
<a href="https://doi.org/10.3758/bf03197465" target="_blank">10.3758/bf03197465</a>,STEVEN M. SMITH;ARTHUR M. GLENBERG;ROBERT A. BJORK,ENVIRONMENTAL CONTEXT AND HUMAN MEMORY,MEMORY & COGNITION,1978,713,14.85416667,2.796078431,"STEVEN M. SMITH, 1978, S114265899",0.011188661,0.988811339,0,0,0,0,0,0,0,0,0,0,psychology,0.293992593
<a href="https://doi.org/" target="_blank"></a>,ROBERT A. BJORK,RETRIEVAL INHIBITION AS AN ADAPTIVE MECHANISM IN HUMAN MEMORY.,,1989,587,15.86486486,1,"ROBERT A. BJORK, 1989, ",0.144121174,0.855878826,0,0,0,0,0,0,0,0,0,0,psychology,0.257736981
<a href="https://doi.org/10.1016/0010-0285(74)90009-7" target="_blank">10.1016/0010-0285(74)90009-7</a>,ROBERT A. BJORK;WILLIAM B. WHITTEN,RECENCY-SENSITIVE RETRIEVAL PROCESSES IN LONG-TERM FREE RECALL,COGNITIVE PSYCHOLOGY,1974,564,10.84615385,1.549450549,"ROBERT A. BJORK, 1974, S36783443",0.03801113,0.837087779,0,0,0,0.124901091,0,0,0,0,0,0,psychology,0.333127157
<a href="https://doi.org/10.3758/bf03194055" target="_blank">10.3758/bf03194055</a>,NATE KORNELL;ROBERT A. BJORK,THE PROMISE AND PERILS OF SELF-REGULATED STUDY,PSYCHONOMIC BULLETIN & REVIEW,2007,494,26,2.046961326,"NATE KORNELL, 2007, S138679565",0.264865107,0.735134893,0,0,0,0,0,0,0,0,0,0,psychology,0.149175184
<a href="https://doi.org/10.1037/a0015729" target="_blank">10.1037/a0015729</a>,NATE KORNELL;MATTHEW HAYS;ROBERT A. BJORK,UNSUCCESSFUL RETRIEVAL ATTEMPTS ENHANCE SUBSEQUENT LEARNING.,JOURNAL OF EXPERIMENTAL PSYCHOLOGY LEARNING MEMORY AND COGNITION,2009,448,26.35294118,1.478547855,"NATE KORNELL, 2009, S18666220",0.177855288,0.822144712,0,0,0,0,0,0,0,0,0,0,psychology,0.184452017
<a href="https://doi.org/10.3758/bf03214366" target="_blank">10.3758/bf03214366</a>,MICHAEL C. ANDERSON;ELIZABETH LIGON BJORK;ROBERT A. BJORK,RETRIEVAL-INDUCED FORGETTING: EVIDENCE FOR A RECALL-SPECIFIC MECHANISM,PSYCHONOMIC BULLETIN & REVIEW,2000,427,16.42307692,7.081260365,"MICHAEL C. ANDERSON, 2000, S138679565",0.046864877,0.953135123,0,0,0,0,0,0,0,0,0,0,psychology,0.255400501
<a href="https://doi.org/10.1006/nimg.2001.0936" target="_blank">10.1006/nimg.2001.0936</a>,ANTHONY D. WAGNER;ANAT MARIL;ROBERT A. BJORK;DANIEL L. SCHACTER,PREFRONTAL CONTRIBUTIONS TO EXECUTIVE CONTROL: FMRI EVIDENCE FOR FUNCTIONAL DISTINCTIONS WITHIN LATERAL PREFRONTAL CORTEX,NEUROIMAGE,2001,426,17.04,2.547085202,"ANTHONY D. WAGNER, 2001, S103225281",0,1,0,0,0,0,0,0,0,0,0,0,psychology,0.18967271
<a href="https://doi.org/10.1037//0096-3445.112.1.58" target="_blank">10.1037//0096-3445.112.1.58</a>,R. EDWARD GEISELMAN;ROBERT A. BJORK;DEBORAH L. FISHMAN,DISRUPTED RETRIEVAL IN DIRECTED FORGETTING: A LINK WITH POSTHYPNOTIC AMNESIA.,JOURNAL OF EXPERIMENTAL PSYCHOLOGY GENERAL,1983,310,7.209302326,1.119133574,"R. EDWARD GEISELMAN, 1983, S62013203",0.078271023,0.791218324,0.130510653,0,0,0,0,0,0,0,0,0,psychology,0.293502247
<a href="https://doi.org/10.1016/s0022-5371(73)80040-4" target="_blank">10.1016/s0022-5371(73)80040-4</a>,ADDISON E. WOODWARD;ROBERT A. BJORK;ROBERT H. JONGEWARD,RECALL AND RECOGNITION AS A FUNCTION OF PRIMARY REHEARSAL,JOURNAL OF VERBAL LEARNING AND VERBAL BEHAVIOR,1973,279,5.264150943,2.714007782,"ADDISON E. WOODWARD, 1973, S17882476",0,0.644201832,0,0.355798168,0,0,0,0,0,0,0,0,psychology,0.194893871
<a href="https://doi.org/10.1016/j.jml.2011.04.002" target="_blank">10.1016/j.jml.2011.04.002</a>,NATE KORNELL;ROBERT A. BJORK;MICHAEL A. GARCIA,WHY TESTS APPEAR TO PREVENT FORGETTING: A DISTRIBUTION-BASED BIFURCATION MODEL,JOURNAL OF MEMORY AND LANGUAGE,2011,274,18.26666667,1.152228764,"NATE KORNELL, 2011, S53787413",0,1,0,0,0,0,0,0,0,0,0,0,psychology,0.232125847
<a href="https://doi.org/10.1016/j.jpeds.2011.02.036" target="_blank">10.1016/j.jpeds.2011.02.036</a>,KAREN PIERCE;CINDY CARTER;MELANIE WEINFELD;JAMIE DESMOND;ROXANA HAZIN;ROBERT A. BJORK;NICOLE GALLAGHER,"DETECTING, STUDYING, AND TREATING AUTISM EARLY: THE ONE-YEAR WELL-BABY CHECK-UP APPROACH",THE JOURNAL OF PEDIATRICS,2011,251,16.73333333,1.055508831,"KAREN PIERCE, 2011, S3774022",0,1,0,0,0,0,0,0,0,0,0,0,psychology,0.013220073
<a href="https://doi.org/10.1037/0096-3445.112.1.58" target="_blank">10.1037/0096-3445.112.1.58</a>,R. EDWARD GEISELMAN;ROBERT A. BJORK;DEBORAH L. FISHMAN,DISRUPTED RETRIEVAL IN DIRECTED FORGETTING: A LINK WITH POSTHYPNOTIC AMNESIA.,JOURNAL OF EXPERIMENTAL PSYCHOLOGY GENERAL,1983,244,5.674418605,0.880866426,"R. EDWARD GEISELMAN, 1983, S62013203-a",0.461129237,0.538870763,0,0,0,0,0,0,0,0,0,0,psychology,0.18730187
<a href="https://doi.org/10.3758/s13421-012-0272-7" target="_blank">10.3758/s13421-012-0272-7</a>,MONICA S. BIRNBAUM;NATE KORNELL;ELIZABETH LIGON BJORK;ROBERT A. BJORK,WHY INTERLEAVING ENHANCES INDUCTIVE LEARNING: THE ROLES OF DISCRIMINATION AND RETRIEVAL,MEMORY & COGNITION,2012,237,16.92857143,2.22983871,"MONICA S. BIRNBAUM, 2012, S114265899",0.477822044,0.522177956,0,0,0,0,0,0,0,0,0,0,psychology,0.256335716
<a href="https://doi.org/10.1006/ccog.1996.0011" target="_blank">10.1006/ccog.1996.0011</a>,ELIZABETH LIGON BJORK;ROBERT A. BJORK,CONTINUING INFLUENCES OF TO-BE-FORGOTTEN INFORMATION,CONSCIOUSNESS AND COGNITION,1996,200,6.666666667,2.346041056,"ELIZABETH LIGON BJORK, 1996, S75102731",0.076238088,0.923761912,0,0,0,0,0,0,0,0,0,0,psychology,0.278052663
<a href="https://doi.org/" target="_blank"></a>,MICHAEL C. ANDERSON;ROBERT A. BJORK,MECHANISMS OF INHIBITION IN LONG-TERM MEMORY: A NEW TAXONOMY.,,1994,199,6.21875,0.644708423,"MICHAEL C. ANDERSON, 1994, ",0.055410002,0.585442452,0,0,0,0.359147546,0,0,0,0,0,0,psychology,0.184177035
<a href="https://doi.org/10.1037/a0023219" target="_blank">10.1037/a0023219</a>,VERED HALAMISH;ROBERT A. BJORK,WHEN DOES TESTING ENHANCE RETENTION? A DISTRIBUTION-BASED INTERPRETATION OF RETRIEVAL AS A MEMORY MODIFIER.,JOURNAL OF EXPERIMENTAL PSYCHOLOGY LEARNING MEMORY AND COGNITION,2011,182,12.13333333,0.765349033,"VERED HALAMISH, 2011, S18666220",0,1,0,0,0,0,0,0,0,0,0,0,psychology,0.230967642
<a href="https://doi.org/" target="_blank"></a>,ELIZABETH LIGON BJORK;ROBERT A. BJORK;MICHAEL C. ANDERSON,VARIETIES OF GOAL-DIRECTED FORGETTING.,,1998,178,6.357142857,0.613793103,"ELIZABETH LIGON BJORK, 1998, ",0.211268897,0.788731103,0,0,0,0,0,0,0,0,0,0,psychology,0.174200032
<a href="https://doi.org/10.3758/bf03213919" target="_blank">10.3758/bf03213919</a>,BENJAMIN C. STORM;ELIZABETH LIGON BJORK;ROBERT A. BJORK;JOHN F. NESTOJKO,IS RETRIEVAL SUCCESS A NECESSARY CONDITION FOR RETRIEVAL-INDUCED FORGETTING?,PSYCHONOMIC BULLETIN & REVIEW,2006,174,8.7,1.8125,"BENJAMIN C. STORM, 2006, S138679565",0.133405657,0.866594343,0,0,0,0,0,0,0,0,0,0,psychology,0.243011264
<a href="https://doi.org/10.1037/h0036115" target="_blank">10.1037/h0036115</a>,LYNNE M. REDER;JOHN ANDERSON;ROBERT A. BJORK,A SEMANTIC INTERPRETATION OF ENCODING SPECIFICITY.,JOURNAL OF EXPERIMENTAL PSYCHOLOGY,1974,164,3.153846154,0.450549451,"LYNNE M. REDER, 1974, S4210168021",0.306568143,0.693431857,0,0,0,0,0,0,0,0,0,0,psychology,0.202773874
<a href="https://doi.org/10.3758/bf03331404" target="_blank">10.3758/bf03331404</a>,ROBERT A. BJORK;DAVID LABERGE;ROSS LEGRAND,THE MODIFICATION OF SHORT-TERM MEMORY THROUGH INSTRUCTIONS TO FORGET,PSYCHONOMIC SCIENCE,1968,160,2.75862069,2.637362637,"ROBERT A. BJORK, 1968, S2764680450",0,0.861681113,0,0,0,0.138318887,0,0,0,0,0,0,psychology,0.283649997
<a href="https://doi.org/10.1016/j.jarmac.2020.09.003" target="_blank">10.1016/j.jarmac.2020.09.003</a>,ROBERT A. BJORK;ELIZABETH LIGON BJORK,DESIRABLE DIFFICULTIES IN THEORY AND PRACTICE.,JOURNAL OF APPLIED RESEARCH IN MEMORY AND COGNITION,2020,155,25.83333333,4.769230769,"ROBERT A. BJORK, 2020, S2764634622",0,1,0,0,0,0,0,0,0,0,0,0,psychology,0.122305069
<a href="https://doi.org/10.3758/bf03194051" target="_blank">10.3758/bf03194051</a>,ELIZABETH J. MARSH;HENRY L. ROEDIGER;ROBERT A. BJORK;ELIZABETH LIGON BJORK,THE MEMORIAL CONSEQUENCES OF MULTIPLE-CHOICE TESTING,PSYCHONOMIC BULLETIN & REVIEW,2007,152,8,0.629834254,"ELIZABETH J. MARSH, 2007, S138679565",0.083610411,0.762031909,0,0,0,0,0.154357681,0,0,0,0,0,psychology,0.215069392
<a href="https://doi.org/10.1016/s0022-5371(77)80040-6" target="_blank">10.1016/s0022-5371(77)80040-6</a>,WILLIAM B. WHITTEN;ROBERT A. BJORK,LEARNING FROM TESTS: EFFECTS OF SPACING,JOURNAL OF VERBAL LEARNING AND VERBAL BEHAVIOR,1977,142,2.897959184,1,"WILLIAM B. WHITTEN, 1977, S17882476",0.016610434,0.983389566,0,0,0,0,0,0,0,0,0,0,psychology,0.328013448
<a href="https://doi.org/10.1177/0956797612443370" target="_blank">10.1177/0956797612443370</a>,JERI L. LITTLE;ELIZABETH LIGON BJORK;ROBERT A. BJORK;GENNA ANGELLO,"MULTIPLE-CHOICE TESTS EXONERATED, AT LEAST OF SOME CHARGES",PSYCHOLOGICAL SCIENCE,2012,141,10.07142857,1.326612903,"JERI L. LITTLE, 2012, S58854535",0.159196735,0.840803265,0,0,0,0,0,0,0,0,0,0,psychology,0.258903805
<a href="https://doi.org/10.1037//0096-3445.131.1.116" target="_blank">10.1037//0096-3445.131.1.116</a>,DANIEL R. KIMBALL;ROBERT A. BJORK,INFLUENCES OF INTENTIONAL AND UNINTENTIONAL FORGETTING ON FALSE MEMORIES.,JOURNAL OF EXPERIMENTAL PSYCHOLOGY GENERAL,2002,109,4.541666667,1.539548023,"DANIEL R. KIMBALL, 2002, S62013203",0.0218526,0.871004631,0.107142769,0,0,0,0,0,0,0,0,0,psychology,0.387941767
<a href="https://doi.org/10.1037/a0028468" target="_blank">10.1037/a0028468</a>,MATTHEW HAYS;NATE KORNELL;ROBERT A. BJORK,WHEN AND WHY A FAILED TEST POTENTIATES THE EFFECTIVENESS OF SUBSEQUENT STUDY.,JOURNAL OF EXPERIMENTAL PSYCHOLOGY LEARNING MEMORY AND COGNITION,2012,108,7.714285714,1.016129032,"MATTHEW HAYS, 2012, S18666220",0.122392898,0.877607102,0,0,0,0,0,0,0,0,0,0,psychology,0.247166954
<a href="https://doi.org/10.1037/h0031188" target="_blank">10.1037/h0031188</a>,ADDISON E. WOODWARD;ROBERT A. BJORK,FORGETTING AND REMEMBERING IN FREE RECALL: INTENTIONAL AND UNINTENTIONAL.,JOURNAL OF EXPERIMENTAL PSYCHOLOGY,1971,103,1.872727273,1,"ADDISON E. WOODWARD, 1971, S4210168021",0,1,0,0,0,0,0,0,0,0,0,0,psychology,0.184417298
<a href="https://doi.org/10.1037/0096-3445.131.1.116" target="_blank">10.1037/0096-3445.131.1.116</a>,DANIEL R. KIMBALL;ROBERT A. BJORK,INFLUENCES OF INTENTIONAL AND UNINTENTIONAL FORGETTING ON FALSE MEMORIES.,JOURNAL OF EXPERIMENTAL PSYCHOLOGY GENERAL,2002,103,4.291666667,1.45480226,"DANIEL R. KIMBALL, 2002, S62013203-a",0,1,0,0,0,0,0,0,0,0,0,0,psychology,0.136443867
<a href="https://doi.org/10.3758/mc.38.2.244" target="_blank">10.3758/mc.38.2.244</a>,BENJAMIN C. STORM;ROBERT A. BJORK;JENNIFER C. STORM,OPTIMIZING RETRIEVAL AS A LEARNING EVENT: WHEN AND WHY EXPANDING RETRIEVAL PRACTICE ENHANCES LONG-TERM RETENTION,MEMORY & COGNITION,2010,100,6.25,1.104972376,"BENJAMIN C. STORM, 2010, S114265899",0.267676358,0.561989172,0,0,0,0.17033447,0,0,0,0,0,0,psychology,0.330705826
<a href="https://doi.org/10.1037/h0034757" target="_blank">10.1037/h0034757</a>,ROBERT A. BJORK;ADDISON E. WOODWARD,DIRECTED FORGETTING OF INDIVIDUAL WORDS IN FREE RECALL.,JOURNAL OF EXPERIMENTAL PSYCHOLOGY,1973,99,1.867924528,0.963035019,"ROBERT A. BJORK, 1973, S4210168021",0,1,0,0,0,0,0,0,0,0,0,0,psychology,0.202651193
<a href="https://doi.org/10.1086/432236" target="_blank">10.1086/432236</a>,SARA L. APPLETON-KNAPP;ROBERT A. BJORK;THOMAS D. WICKENS,"EXAMINING THE SPACING EFFECT IN ADVERTISING: ENCODING VARIABILITY, RETRIEVAL PROCESSES, AND THEIR INTERACTION",JOURNAL OF CONSUMER RESEARCH,2005,98,4.666666667,0.742424242,"SARA L. APPLETON-KNAPP, 2005, S145429826",0.098383296,0.579279814,0,0,0,0.035164024,0,0,0,0,0.287172865,0,psychology,0.22451277
<a href="https://doi.org/10.1037/0278-7393.34.1.230" target="_blank">10.1037/0278-7393.34.1.230</a>,BENJAMIN C. STORM;ELIZABETH LIGON BJORK;ROBERT A. BJORK,ACCELERATED RELEARNING AFTER RETRIEVAL-INDUCED FORGETTING: THE BENEFIT OF BEING FORGOTTEN.,JOURNAL OF EXPERIMENTAL PSYCHOLOGY LEARNING MEMORY AND COGNITION,2008,82,4.555555556,0.264516129,"BENJAMIN C. STORM, 2008, S18666220",0.395572917,0.604427083,0,0,0,0,0,0,0,0,0,0,psychology,0.249673598
<a href="https://doi.org/10.1080/17470210701288706" target="_blank">10.1080/17470210701288706</a>,BENJAMIN C. STORM;ELIZABETH LIGON BJORK;ROBERT A. BJORK,WHEN INTENDED REMEMBERING LEADS TO UNINTENDED FORGETTING,QUARTERLY JOURNAL OF EXPERIMENTAL PSYCHOLOGY,2007,78,4.105263158,0.32320442,"BENJAMIN C. STORM, 2007, S59062809",0,1,0,0,0,0,0,0,0,0,0,0,psychology,0.152658571
<a href="https://doi.org/10.1037/0278-7393.29.4.524" target="_blank">10.1037/0278-7393.29.4.524</a>,ELIZABETH LIGON BJORK;ROBERT A. BJORK,"INTENTIONAL FORGETTING CAN INCREASE, NOT DECREASE, RESIDUAL INFLUENCES OF TO-BE-FORGOTTEN INFORMATION.",JOURNAL OF EXPERIMENTAL PSYCHOLOGY LEARNING MEMORY AND COGNITION,2003,76,3.304347826,1,"ELIZABETH LIGON BJORK, 2003, S18666220",0.009748433,0.600314241,0.389937326,0,0,0,0,0,0,0,0,0,psychology,0.338936586
<a href="https://doi.org/10.1348/000712600161952" target="_blank">10.1348/000712600161952</a>,CATHERINE O. FRITZ;PETER E. MORRIS;ROBERT A. BJORK;ROCHEL GELMAN;THOMAS D. WICKENS,WHEN FURTHER LEARNING FAILS: STABILITY AND CHANGE FOLLOWING REPEATED PRESENTATION OF TEXT,BRITISH JOURNAL OF PSYCHOLOGY,2000,72,2.769230769,1.194029851,"CATHERINE O. FRITZ, 2000, S179213746",0.288030408,0.711969592,0,0,0,0,0,0,0,0,0,0,psychology,0.353914119
<a href="https://doi.org/10.1080/00461527909529203" target="_blank">10.1080/00461527909529203</a>,ROBERT A. BJORK,INFORMATION‐PROCESSING ANALYSIS OF COLLEGE TEACHING,EDUCATIONAL PSYCHOLOGIST,1979,61,1.29787234,1,"ROBERT A. BJORK, 1979, S168863630",0.08235264,0.688786657,0.228860703,0,0,0,0,0,0,0,0,0,psychology,0.26485867
<a href="https://doi.org/10.3758/s13421-014-0462-6" target="_blank">10.3758/s13421-014-0462-6</a>,ALLISON D. CANTOR;ANDREA N. ESLICK;ELIZABETH J. MARSH;ROBERT A. BJORK;ELIZABETH LIGON BJORK,MULTIPLE-CHOICE TESTS STABILIZE ACCESS TO MARGINAL KNOWLEDGE,MEMORY & COGNITION,2014,48,4,1.233933162,"ALLISON D. CANTOR, 2014, S114265899",0.342078227,0.657921773,0,0,0,0,0,0,0,0,0,0,psychology,0.202646002
<a href="https://doi.org/10.1080/09658211.2012.684882" target="_blank">10.1080/09658211.2012.684882</a>,ELIZABETH J. MARSH;JEFFREY P. LOZITO;SHARDA UMANATH;ELIZABETH LIGON BJORK;ROBERT A. BJORK,USING VERIFICATION FEEDBACK TO CORRECT ERRORS MADE ON A MULTIPLE-CHOICE TEST,MEMORY,2012,39,2.785714286,0.366935484,"ELIZABETH J. MARSH, 2012, S47258695",0.177855288,0.822144712,0,0,0,0,0,0,0,0,0,0,psychology,0.184452017
<a href="https://doi.org/10.1016/j.jml.2011.01.006" target="_blank">10.1016/j.jml.2011.01.006</a>,JASON R. FINLEY;AARON S. BENJAMIN;MATTHEW HAYS;ROBERT A. BJORK;NATE KORNELL,BENEFITS OF ACCUMULATING VERSUS DIMINISHING CUES IN RECALL,JOURNAL OF MEMORY AND LANGUAGE,2011,37,2.466666667,0.155592935,"JASON R. FINLEY, 2011, S53787413",0,1,0,0,0,0,0,0,0,0,0,0,psychology,0.149313118
<a href="https://doi.org/10.3758/s13421-014-0454-6" target="_blank">10.3758/s13421-014-0454-6</a>,VERONICA X. YAN;YUE YU;MICHAEL A. GARCIA;ROBERT A. BJORK,"WHY DOES GUESSING INCORRECTLY ENHANCE, RATHER THAN IMPAIR, RETENTION?",MEMORY & COGNITION,2014,36,3,0.925449871,"VERONICA X. YAN, 2014, S114265899",0,1,0,0,0,0,0,0,0,0,0,0,psychology,0.122305069
<a href="https://doi.org/10.1037/h0034623" target="_blank">10.1037/h0034623</a>,ROBERT A. BJORK,WHY MATHEMATICAL MODELS?,AMERICAN PSYCHOLOGIST,1973,31,0.58490566,0.30155642,"ROBERT A. BJORK, 1973, S80146597",0.066453464,0.933546536,0,0,0,0,0,0,0,0,0,0,psychology,0.086970394
<a href="https://doi.org/10.1016/s0022-5371(75)80004-1" target="_blank">10.1016/s0022-5371(75)80004-1</a>,DAVID G. ELMES;ROBERT A. BJORK,THE INTERACTION OF ENCODING AND REHEARSAL PROCESSES IN THE RECALL OF REPEATED AND NONREPEATED ITEMS,JOURNAL OF VERBAL LEARNING AND VERBAL BEHAVIOR,1975,30,0.588235294,1.071428571,"DAVID G. ELMES, 1975, S17882476",0.011817282,0.939731862,0,0.048450856,0,0,0,0,0,0,0,0,psychology,0.338938043
<a href="https://doi.org/10.3758/bf03198210" target="_blank">10.3758/bf03198210</a>,ROBERT H. JONGEWARD;ADDISON E. WOODWARD;ROBERT A. BJORK,THE RELATIVE ROLES OF INPUT AND OUTPUT MECHANISMS IN DIRECTED FORGETTING,MEMORY & COGNITION,1975,26,0.509803922,0.928571429,"ROBERT H. JONGEWARD, 1975, S114265899",0.129734967,0.768627716,0,0.101637317,0,0,0,0,0,0,0,0,psychology,0.283327824
<a href="https://doi.org/10.1037/a0034252" target="_blank">10.1037/a0034252</a>,BENJAMIN C. STORM;MICHAEL C. FRIEDMAN;KOU MURAYAMA;ROBERT A. BJORK,ON THE TRANSFER OF PRIOR TESTS OR STUDY EVENTS TO SUBSEQUENT STUDY.,JOURNAL OF EXPERIMENTAL PSYCHOLOGY LEARNING MEMORY AND COGNITION,2013,24,1.846153846,0.71641791,"BENJAMIN C. STORM, 2013, S18666220",0.180467433,0.819532567,0,0,0,0,0,0,0,0,0,0,psychology,0.240772363
<a href="https://doi.org/10.1037/a0032425" target="_blank">10.1037/a0032425</a>,MICHAEL S. COHEN;VERONICA X. YAN;VERED HALAMISH;ROBERT A. BJORK,DO STUDENTS THINK THAT DIFFICULT OR VALUABLE MATERIALS SHOULD BE RESTUDIED SOONER RATHER THAN LATER?,JOURNAL OF EXPERIMENTAL PSYCHOLOGY LEARNING MEMORY AND COGNITION,2013,20,1.538461538,0.597014925,"MICHAEL S. COHEN, 2013, S18666220",0.03558993,0.96441007,0,0,0,0,0,0,0,0,0,0,psychology,0.256055389
<a href="https://doi.org/10.1016/j.brat.2008.01.009" target="_blank">10.1016/j.brat.2008.01.009</a>,KATHARINA KIRCANSKI;MICHELLE G. CRASKE;ROBERT A. BJORK,THOUGHT SUPPRESSION ENHANCES MEMORY BIAS FOR THREAT MATERIAL,BEHAVIOUR RESEARCH AND THERAPY,2008,18,1,0.058064516,"KATHARINA KIRCANSKI, 2008, S186589312",0.288754484,0.711245516,0,0,0,0,0,0,0,0,0,0,psychology,0.245269677
<a href="https://doi.org/10.1177/2167702615590996" target="_blank">10.1177/2167702615590996</a>,KATHARINA KIRCANSKI;DOUGLAS C. JOHNSON;MARIA A. MATEEN;ROBERT A. BJORK;IAN H. GOTLIB,IMPAIRED RETRIEVAL INHIBITION OF THREAT MATERIAL IN GENERALIZED ANXIETY DISORDER,CLINICAL PSYCHOLOGICAL SCIENCE,2015,17,1.545454545,0.519650655,"KATHARINA KIRCANSKI, 2015, S2764897075",0.061503485,0.938496515,0,0,0,0,0,0,0,0,0,0,psychology,0.239794534
<a href="https://doi.org/10.1080/17470218.2015.1085586" target="_blank">10.1080/17470218.2015.1085586</a>,SASKIA GIEBL;BENJAMIN C. STORM;DOROTHY R. BUCHLI;ELIZABETH LIGON BJORK;ROBERT A. BJORK,RETRIEVAL-INDUCED FORGETTING IS ASSOCIATED WITH INCREASED POSITIVITY WHEN IMAGINING THE FUTURE,QUARTERLY JOURNAL OF EXPERIMENTAL PSYCHOLOGY,2015,13,1.181818182,0.397379913,"SASKIA GIEBL, 2015, S59062809",0,0.666353589,0.333646411,0,0,0,0,0,0,0,0,0,psychology,0.266797708
<a href="https://doi.org/10.1186/s41235-016-0003-x" target="_blank">10.1186/s41235-016-0003-x</a>,ERIN M. SPARCK;ELIZABETH LIGON BJORK;ROBERT A. BJORK,ON THE LEARNING BENEFITS OF CONFIDENCE-WEIGHTED TESTING,COGNITIVE RESEARCH PRINCIPLES AND IMPLICATIONS,2016,11,1.1,0.301369863,"ERIN M. SPARCK, 2016, S3035657644",0.078451395,0.921548605,0,0,0,0,0,0,0,0,0,0,psychology,0.303827068
<a href="https://doi.org/10.3758/pbr.15.2.296" target="_blank">10.3758/pbr.15.2.296</a>,DANIEL R. KIMBALL;ELIZABETH LIGON BJORK;ROBERT A. BJORK;TROY A. SMITH,PART-LIST CUING AND THE DYNAMICS OF FALSE RECALL,PSYCHONOMIC BULLETIN & REVIEW,2008,11,0.611111111,0.035483871,"DANIEL R. KIMBALL, 2008, S138679565",0.312475469,0.57034623,0.117178301,0,0,0,0,0,0,0,0,0,psychology,0.271315619
<a href="https://doi.org/" target="_blank"></a>,ROBERT A. BJORK;MARC VANHUELE,RETRIEVAL INHIBITION AND RELATED ADAPTIVE PECULIARITIES OF HUMAN MEMORY,ACR NORTH AMERICAN ADVANCES,1992,10,0.294117647,0.020010005,"ROBERT A. BJORK, 1992, S2764631557",0,1,0,0,0,0,0,0,0,0,0,0,psychology,0.189117212
<a href="https://doi.org/10.1007/s10648-020-09546-w" target="_blank">10.1007/s10648-020-09546-w</a>,JORDAN ANDREW BRABEC;STEVEN C. PAN;ELIZABETH LIGON BJORK;ROBERT A. BJORK,TRUE-FALSE TESTING ON TRIAL: GUILTY AS CHARGED OR FALSELY ACCUSED?,EDUCATIONAL PSYCHOLOGY REVIEW,2020,9,1.5,0.276923077,"JORDAN ANDREW BRABEC, 2020, S187318745",0.046825507,0.953174493,0,0,0,0,0,0,0,0,0,0,psychology,0.236937425
<a href="https://doi.org/10.1177/1747021820968483" target="_blank">10.1177/1747021820968483</a>,MEGAN N. IMUNDO;STEVEN C. PAN;ELIZABETH LIGON BJORK;ROBERT A. BJORK,"WHERE AND HOW TO LEARN: THE INTERACTIVE BENEFITS OF CONTEXTUAL VARIATION, RESTUDYING, AND RETRIEVAL PRACTICE FOR LEARNING",QUARTERLY JOURNAL OF EXPERIMENTAL PSYCHOLOGY,2020,9,1.5,0.276923077,"MEGAN N. IMUNDO, 2020, S59062809",0.019159238,0.960711345,0,0,0,0.020129417,0,0,0,0,0,0,psychology,0.338170543
<a href="https://doi.org/10.1177/1475725720961593" target="_blank">10.1177/1475725720961593</a>,SASKIA GIEBL;STEFANY MENA;BENJAMIN C. STORM;ELIZABETH LIGON BJORK;ROBERT A. BJORK,"ANSWER FIRST OR GOOGLE FIRST? USING THE INTERNET IN WAYS THAT ENHANCE, NOT IMPAIR, ONE’S SUBSEQUENT RETENTION OF NEEDED INFORMATION",PSYCHOLOGY LEARNING & TEACHING,2020,9,1.5,0.276923077,"SASKIA GIEBL, 2020, S2764461159",0.118279234,0.60321443,0,0.278506336,0,0,0,0,0,0,0,0,psychology,0.332902142
<a href="https://doi.org/10.1111/bjep.12651" target="_blank">10.1111/bjep.12651</a>,JANET METCALFE;JUDY XU;MATTI VUORRE;ROBERT S. SIEGLER;DYLAN WILIAM;ROBERT A. BJORK,LEARNING FROM ERRORS VERSUS EXPLICIT INSTRUCTION IN PREPARATION FOR A TEST THAT COUNTS,BRITISH JOURNAL OF EDUCATIONAL PSYCHOLOGY,2024,8,4,2.181818182,"JANET METCALFE, 2024, S96095673",0.493283204,0.506716796,0,0,0,0,0,0,0,0,0,0,psychology,0.185453064
<a href="https://doi.org/10.4324/9781315752808-10" target="_blank">10.4324/9781315752808-10</a>,ROBERT A. BJORK,FORGETTING AS A FRIEND OF LEARNING,,2014,7,0.583333333,0.179948586,"ROBERT A. BJORK, 2014, -a",0.486093132,0.513906868,0,0,0,0,0,0,0,0,0,0,psychology,0.190381316
<a href="https://doi.org/10.1037//0278-7393.4.4.347" target="_blank">10.1037//0278-7393.4.4.347</a>,ROBERT A. BJORK;R. EDWARD GEISELMAN,CONSTITUENT PROCESSES IN THE DIFFERENTIATION OF ITEMS IN MEMORY.,JOURNAL OF EXPERIMENTAL PSYCHOLOGY HUMAN LEARNING & MEMORY,1978,7,0.145833333,0.02745098,"ROBERT A. BJORK, 1978, S4210236024-a",0,1,0,0,0,0,0,0,0,0,0,0,psychology,0.122305069
<a href="https://doi.org/10.1017/s0140525x00042187" target="_blank">10.1017/s0140525x00042187</a>,ROBERT A. BJORK;THOMAS D. WICKENS,"MEMORY, METAMEMORY, AND CONDITIONAL STATISTICS",BEHAVIORAL AND BRAIN SCIENCES,1996,7,0.233333333,0.082111437,"ROBERT A. BJORK, 1996, S59628311",0.205743025,0.794256975,0,0,0,0,0,0,0,0,0,0,psychology,0.295270111
<a href="https://doi.org/10.3758/s13421-016-0632-9" target="_blank">10.3758/s13421-016-0632-9</a>,BENJAMIN C. STORM;ROBERT A. BJORK,DO LEARNERS PREDICT A SHIFT FROM RECENCY TO PRIMACY WITH DELAY?,MEMORY & COGNITION,2016,6,0.6,0.164383562,"BENJAMIN C. STORM, 2016, S114265899",0.074078085,0.925921915,0,0,0,0,0,0,0,0,0,0,psychology,0.275585566
<a href="https://doi.org/10.1177/17470218221113933" target="_blank">10.1177/17470218221113933</a>,DILLON H. MURPHY;ROBERT A. BJORK;ELIZABETH LIGON BJORK,GOING BEYOND THE SPACING EFFECT: DOES IT MATTER HOW TIME ON A TASK IS DISTRIBUTED?,QUARTERLY JOURNAL OF EXPERIMENTAL PSYCHOLOGY,2022,5,1.25,3.333333333,"DILLON H. MURPHY, 2022, S59062809",0.222812959,0.777187041,0,0,0,0,0,0,0,0,0,0,psychology,0.275458246
<a href="https://doi.org/10.4324/9780203805503-9" target="_blank">10.4324/9780203805503-9</a>,JOHN DUNLOSKY;ROBERT A. BJORK,THOMAS O. NELSON: HIS LIFE AND COMMENTS ON IMPLICATIONS OF HIS FUNCTIONAL VIEW OF METACOGNITIVE MEMORY MONITORING,,2013,3,0.230769231,0.089552239,"JOHN DUNLOSKY, 2013, ",0.338934464,0.661065536,0,0,0,0,0,0,0,0,0,0,psychology,0.21325001
<a href="https://doi.org/10.1027/2151-2604/a000442" target="_blank">10.1027/2151-2604/a000442</a>,COURTNEY M. CLARK;ELIZABETH LIGON BJORK;ROBERT A. BJORK,ON THE ROLE OF GENERATION RULES IN MODERATING THE BENEFICIAL EFFECTS OF ERRORFUL GENERATION,ZEITSCHRIFT FÜR PSYCHOLOGIE,2021,3,0.6,0.25,"COURTNEY M. CLARK, 2021, S108832698",0.436230025,0.563769975,0,0,0,0,0,0,0,0,0,0,psychology,0.251159957
<a href="https://doi.org/10.3390/bs15070924" target="_blank">10.3390/bs15070924</a>,NATE KORNELL;ROBERT A. BJORK,WHY EMPIRICAL FORGETTING CURVES DEVIATE FROM ACTUAL FORGETTING RATES: A DISTRIBUTION MODEL OF FORGETTING,BEHAVIORAL SCIENCES,2025,0,0,0,"NATE KORNELL, 2025, S4210194710",0.372068843,0.627931157,0,0,0,0,0,0,0,0,0,0,psychology,0.267650881
<a href="https://doi.org/" target="_blank"></a>,MATTHEW HAYS;NATE KORNELL;ROBERT A. BJORK,RESEARCH REPORT WHEN AND WHY A FAILED TEST POTENTIATES THE EFFECTIVENESS OF SUBSEQUENT STUDY,,2012,0,0,0,"MATTHEW HAYS, 2012, ",0.060997296,0.939002704,0,0,0,0,0,0,0,0,0,0,psychology,0.237177577
<a href="https://doi.org/10.1037/0033-295x.107.1.3" target="_blank">10.1037/0033-295x.107.1.3</a>,ROBERT A. BJORK,PSYCHOLOGICAL REVIEW ACROSS THE CENTURY.,PSYCHOLOGICAL REVIEW,2000,0,0,0,"ROBERT A. BJORK, 2000, S35223124",0,1,0,0,0,0,0,0,0,0,0,0,psychology,0.122305069
<a href="https://doi.org/" target="_blank"></a>,MICHAEL C. ANDERSON;ROBERT A. BJORK,CATEGORY-BASED RETRIEVAL INHIBITION IN HUMAN-MEMORY,BULLETIN OF THE PSYCHONOMIC SOCIETY,1990,0,0,0,"MICHAEL C. ANDERSON, 1990, S2764736474",0.258844398,0.741155602,0,0,0,0,0,0,0,0,0,0,psychology,0.21556418
<a href="https://doi.org/10.1037/0003-066x.55.9.981" target="_blank">10.1037/0003-066x.55.9.981</a>,ROBERT A. BJORK,INDEPENDENCE OF SCIENTIFIC PUBLISHING: REAFFIRMING THE PRINCIPLE.,AMERICAN PSYCHOLOGIST,2000,8,0.307692308,0.132669983,"ROBERT A. BJORK, 2000, S80146597",0.346213258,0.015705153,0,0,0,0.025022807,0,0,0.613058782,0,0,0,publishing,0.164380112
<a href="https://doi.org/10.1037//0003-066x.55.9.981" target="_blank">10.1037//0003-066x.55.9.981</a>,ROBERT A. BJORK,INDEPENDENCE OF SCIENTIFIC PUBLISHING: REAFFIRMING THE PRINCIPLE.,AMERICAN PSYCHOLOGIST,2000,2,0.076923077,0.033167496,"ROBERT A. BJORK, 2000, S80146597-a",0.202218196,0.01992685,0,0,0,0,0,0,0.777854953,0,0,0,publishing,0.148884035
<a href="https://doi.org/10.1037/0278-7393.27.4.907" target="_blank">10.1037/0278-7393.27.4.907</a>,DOMINIC A. SIMON;ROBERT A. BJORK,METACOGNITION IN MOTOR LEARNING.,JOURNAL OF EXPERIMENTAL PSYCHOLOGY LEARNING MEMORY AND COGNITION,2001,201,8.04,1.201793722,"DOMINIC A. SIMON, 2001, S18666220",0.083450142,0.381966996,0.112940041,0,0,0.421642821,0,0,0,0,0,0,,0
<a href="https://doi.org/10.1037/a0017350" target="_blank">10.1037/a0017350</a>,NATE KORNELL;ROBERT A. BJORK,A STABILITY BIAS IN HUMAN MEMORY: OVERESTIMATING REMEMBERING AND UNDERESTIMATING LEARNING.,JOURNAL OF EXPERIMENTAL PSYCHOLOGY GENERAL,2009,158,9.294117647,0.521452145,"NATE KORNELL, 2009, S62013203",0.394489948,0.43302052,0.172489532,0,0,0,0,0,0,0,0,0,,0
<a href="https://doi.org/10.1016/s0022-5371(70)80103-7" target="_blank">10.1016/s0022-5371(70)80103-7</a>,ROBERT A. BJORK;TED W. ALLEN,THE SPACING EFFECT: CONSOLIDATION OR DIFFERENTIAL ENCODING?,JOURNAL OF VERBAL LEARNING AND VERBAL BEHAVIOR,1970,158,2.821428571,0.625742574,"ROBERT A. BJORK, 1970, S17882476-a",0.014955403,0.439920153,0,0,0,0,0.24227753,0,0,0,0.302846913,0,,0
<a href="https://doi.org/10.3758/s13421-012-0255-8" target="_blank">10.3758/s13421-012-0255-8</a>,CAROLE L. YUE;ALAN D. CASTEL;ROBERT A. BJORK,WHEN DISFLUENCY IS—AND IS NOT—A DESIRABLE DIFFICULTY: THE INFLUENCE OF TYPEFACE CLARITY ON METACOGNITIVE JUDGMENTS AND MEMORY,MEMORY & COGNITION,2012,154,11,1.448924731,"CAROLE L. YUE, 2012, S114265899",0.263101049,0.038270306,0.26767381,0.430954834,0,0,0,0,0,0,0,0,,0
<a href="https://doi.org/10.3758/pbr.17.6.797" target="_blank">10.3758/pbr.17.6.797</a>,MATTHEW HAYS;NATE KORNELL;ROBERT A. BJORK,THE COSTS AND BENEFITS OF PROVIDING FEEDBACK DURING LEARNING,PSYCHONOMIC BULLETIN & REVIEW,2010,66,4.125,0.729281768,"MATTHEW HAYS, 2010, S138679565",0.036213356,0.219155807,0,0,0,0.16316612,0.166132776,0,0,0.415331941,0,0,,0
<a href="https://doi.org/10.1111/j.1467-9280.1990.tb00074.x" target="_blank">10.1111/j.1467-9280.1990.tb00074.x</a>,JOHN A. SWETS;ROBERT A. BJORK,ENHANCING HUMAN PERFORMANCE: AN EVALUATION OF “NEW AGE” TECHNIQUES CONSIDERED BY THE U.S. ARMY,PSYCHOLOGICAL SCIENCE,1990,50,1.388888889,2,"JOHN A. SWETS, 1990, S58854535",0.462405633,0.059243712,0,0,0,0,0.478350655,0,0,0,0,0,,0
<a href="https://doi.org/10.1016/j.jarmac.2018.05.005" target="_blank">10.1016/j.jarmac.2018.05.005</a>,FARIA SANA;VERONICA X. YAN;JOSEPH A. KIM;ELIZABETH LIGON BJORK;ROBERT A. BJORK,DOES WORKING MEMORY CAPACITY MODERATE THE INTERLEAVING BENEFIT?,JOURNAL OF APPLIED RESEARCH IN MEMORY AND COGNITION,2018,23,2.875,0.754098361,"FARIA SANA, 2018, S2764634622",0.351051155,0.460776831,0.188172014,0,0,0,0,0,0,0,0,0,,0
<a href="https://doi.org/10.1080/17470218.2015.1076866" target="_blank">10.1080/17470218.2015.1076866</a>,DOROTHY R. BUCHLI;BENJAMIN C. STORM;ROBERT A. BJORK,EXPLAINING RETRIEVAL-INDUCED FORGETTING: A CHANGE IN MENTAL CONTEXT BETWEEN THE STUDY AND RESTUDY PRACTICE PHASES IS NOT SUFFICIENT TO CAUSE FORGETTING,QUARTERLY JOURNAL OF EXPERIMENTAL PSYCHOLOGY,2015,9,0.818181818,0.27510917,"DOROTHY R. BUCHLI, 2015, S59062809",0.424418445,0.363372333,0,0,0,0,0.212209222,0,0,0,0,0,,0
